artifact_id,family,latent_level_original,canonical_z,j_star,nontrivial,truth_curve,pair_complete,immediate_rows,rts_rows,immediate_fsr,immediate_tr,immediate_separation_gap,immediate_gap_class,immediate_min_passing_margin,immediate_max_failing_margin,immediate_argmin_passing_strictness,immediate_argmax_failing_strictness,immediate_correct_points,immediate_accuracy,immediate_direct_all_nine_correct,immediate_predicted_first_fail,immediate_tce,immediate_cut_enumeration_fsr,immediate_cut_enumeration_tr,immediate_cut_states_enumerated,immediate_cut_witness_state_index,rts_fsr,rts_tr,rts_separation_gap,rts_gap_class,rts_min_passing_margin,rts_max_failing_margin,rts_argmin_passing_strictness,rts_argmax_failing_strictness,rts_correct_points,rts_accuracy,rts_direct_all_nine_correct,rts_predicted_first_fail,rts_tce,rts_cut_enumeration_fsr,rts_cut_enumeration_tr,rts_cut_states_enumerated,rts_cut_witness_state_index,fsr_change,transition
D3T-A-L0-I00,coverage,0,0,1,1,100000000,True,9,9,1,1,57.375,recoverable,27.75,-29.625,[0],[2],9,1,1,1,0,1,1,7,5,1,1,43.499999939580448,recoverable,22.124999780557118,-21.37500015902333,[0],[5],9,1,1,1,0,1,1,10,8,0,both_recoverable
D3T-A-L0-I01,coverage,0,0,1,1,100000000,True,9,9,1,1,57.75,recoverable,28.125,-29.625,[0],[8],9,1,1,1,0,1,1,9,7,1,1,42.31250013737008,recoverable,21.125000692438334,-21.187499444931746,[0],[3],9,1,1,1,0,1,1,10,8,0,both_recoverable
D3T-A-L0-I02,coverage,0,0,1,1,100000000,True,9,9,1,1,59,recoverable,29,-30,[0],[2],9,1,1,1,0,1,1,8,6,1,1,42.937499892897904,recoverable,21.374999100342393,-21.562500792555511,[0],[4],9,1,1,1,0,1,1,10,8,0,both_recoverable
D3T-A-L0-I03,coverage,0,0,1,1,100000000,True,9,9,1,1,56,recoverable,26.125,-29.875,[0],[4],9,1,1,1,0,1,1,6,4,1,1,43.74999890406616,recoverable,21.937499837717041,-21.812499066349119,[0],[4],9,1,1,1,0,1,1,10,8,0,both_recoverable
D3T-A-L0-I04,coverage,0,0,1,1,100000000,True,9,9,1,1,59.875,recoverable,30.125,-29.75,[0],[1],9,1,1,1,0,1,1,6,4,1,1,43.374998668441549,recoverable,21.999999472172931,-21.374999196268618,[0],[5],9,1,1,1,0,1,1,10,8,0,both_recoverable
D3T-A-L0-I05,coverage,0,0,1,1,100000000,True,9,9,1,1,57.125,recoverable,28.25,-28.875,[0],[8],9,1,1,1,0,1,1,9,7,1,1,44.687499991268851,recoverable,22.499999228864908,-22.187500762403943,[0],[5],9,1,1,1,0,1,1,10,8,0,both_recoverable
D3T-A-L0-I06,coverage,0,0,1,1,100000000,True,9,9,1,1,55.5,recoverable,27.875,-27.625,[0],[4],9,1,1,1,0,1,1,10,8,1,1,40.875000074040145,recoverable,18.999999810475856,-21.875000263564289,[0],[6],9,1,1,1,0,1,1,10,8,0,both_recoverable
D3T-A-L0-I07,coverage,0,0,1,1,100000000,True,9,9,1,1,58.375,recoverable,28.375,-30,[0],[4],9,1,1,1,0,1,1,8,6,1,1,43.749999543651938,recoverable,22.249999828636646,-21.499999715015292,[0],[3],9,1,1,1,0,1,1,10,8,0,both_recoverable
D3T-A-L0-I08,coverage,0,0,1,1,100000000,True,9,9,1,1,57.875,recoverable,28.25,-29.625,[0],[8],9,1,1,1,0,1,1,8,6,1,1,42.87500102026388,recoverable,20.500000941567123,-22.375000078696758,[0],[2],9,1,1,1,0,1,1,10,8,0,both_recoverable
D3T-A-L0-I09,coverage,0,0,1,1,100000000,True,9,9,1,1,57,recoverable,27.875,-29.125,[0],[4],9,1,1,1,0,1,1,8,6,1,1,42.625000324333087,recoverable,20.500000635394827,-22.12499968893826,[0],[5],9,1,1,1,0,1,1,10,8,0,both_recoverable
D3T-A-L0-I10,coverage,0,0,1,1,100000000,True,9,9,1,1,59.25,recoverable,29.125,-30.125,[0],[8],9,1,1,1,0,1,1,9,7,1,1,44.312501319451258,recoverable,22.500000381143764,-21.812500938307494,[0],[3],9,1,1,1,0,1,1,10,8,0,both_recoverable
D3T-A-L0-I11,coverage,0,0,1,1,100000000,True,9,9,1,1,58.625,recoverable,28.5,-30.125,[0],[4],9,1,1,1,0,1,1,9,7,1,1,41.812499255873263,recoverable,19.874999338760972,-21.937499917112291,[0],[6],9,1,1,1,0,1,1,10,8,0,both_recoverable
D3T-A-L1-I00,coverage,1,1,2,1,110000000,True,9,9,1,1,0.125,recoverable,-21.125,-21.25,[0],[2],8,0.88888888888888884,0,0,2,1,1,10,7,1,1,11.687500528991222,recoverable,-9.2500002346932888,-20.937500763684511,[0],[4],8,0.88888888888888884,0,0,2,1,1,10,7,0,both_recoverable
D3T-A-L1-I01,coverage,1,1,2,1,110000000,True,9,9,1,1,4.75,recoverable,-21.125,-25.875,[0],[2],8,0.88888888888888884,0,0,2,1,1,9,6,0,0,-0.87500087451189756,strict_inversion,-22.375000183470547,-21.49999930895865,[0],[8],8,0.88888888888888884,0,0,2,0,0,10,,-1,lost_recoverability
D3T-A-L1-I02,coverage,1,1,2,1,110000000,True,9,9,1,1,1.75,recoverable,-26.125,-27.875,[0],[2],8,0.88888888888888884,0,0,2,1,1,10,7,1,1,2.4375004889443517,recoverable,-19.062500447034836,-21.500000935979187,[0],[6],8,0.88888888888888884,0,0,2,1,1,10,7,0,both_recoverable
D3T-A-L1-I03,coverage,1,1,2,1,110000000,True,9,9,1,1,1.25,recoverable,-22.75,-24,[0],[2],8,0.88888888888888884,0,0,2,1,1,9,6,1,1,0.93750082876067609,recoverable,-20.999999774619937,-21.937500603380613,[0],[2],8,0.88888888888888884,0,0,2,1,1,10,7,0,both_recoverable
D3T-A-L1-I04,coverage,1,1,2,1,110000000,True,9,9,1,1,4.875,recoverable,-23,-27.875,[0],[2],8,0.88888888888888884,0,0,2,1,1,10,7,0,1,-0.93749991105869412,strict_inversion,-22.062500264961272,-21.125000353902578,[0],[7],8,0.88888888888888884,0,0,2,0,1,10,,-1,lost_recoverability
D3T-A-L1-I05,coverage,1,1,2,1,110000000,True,9,9,1,1,15.875,recoverable,-12,-27.875,[0],"[2, 3]",8,0.88888888888888884,0,0,2,1,1,9,6,1,1,0.24999911431223154,recoverable,-21.437500104308128,-21.68749921862036,[0],[5],8,0.88888888888888884,0,0,2,1,1,10,7,0,both_recoverable
D3T-A-L1-I06,coverage,1,1,2,1,110000000,True,9,9,0,0,-4.375,strict_inversion,-25.75,-21.375,[0],[2],8,0.88888888888888884,0,0,2,0,0,9,,0,1,-0.99999991990625858,strict_inversion,-22.43749928381294,-21.437499363906682,[0],[3],8,0.88888888888888884,0,0,2,0,1,10,,0,neither_recoverable
D3T-A-L1-I07,coverage,1,1,2,1,110000000,True,9,9,1,1,1,recoverable,-26.375,-27.375,[0],[2],8,0.88888888888888884,0,0,2,1,1,10,7,0,0,-2.4374989347998053,strict_inversion,-24.437499306630343,-22.000000371830538,[0],[8],8,0.88888888888888884,0,0,2,0,0,10,,-1,lost_recoverability
D3T-A-L1-I08,coverage,1,1,2,1,110000000,True,9,9,0,0,-4.5,strict_inversion,-24.5,-20,[0],[2],8,0.88888888888888884,0,0,2,0,0,9,,1,1,0.43750037625432014,recoverable,-20.93749949708581,-21.37499987334013,[0],[7],8,0.88888888888888884,0,0,2,1,1,10,7,1,gained_recoverability
D3T-A-L1-I09,coverage,1,1,2,1,110000000,True,9,9,0,0,-8.125,strict_inversion,-27.5,-19.375,[0],[2],8,0.88888888888888884,0,0,2,0,0,9,,1,1,0.62499934155493975,recoverable,-21.187499723397195,-21.812499064952135,[0],[8],8,0.88888888888888884,0,0,2,1,1,10,7,1,gained_recoverability
D3T-A-L1-I10,coverage,1,1,2,1,110000000,True,9,9,1,1,12.75,recoverable,-14.25,-27,[0],[2],8,0.88888888888888884,0,0,2,1,1,10,7,0,1,-1.4999995920807123,strict_inversion,-22.624999145045877,-21.124999552965164,[0],[3],8,0.88888888888888884,0,0,2,0,1,10,,-1,lost_recoverability
D3T-A-L1-I11,coverage,1,1,2,1,110000000,True,9,9,1,1,2,recoverable,-25.125,-27.125,[0],[2],8,0.88888888888888884,0,0,2,1,1,9,6,1,1,0.062499648425728083,recoverable,-22.187500517815351,-22.25000016624108,[0],[8],8,0.88888888888888884,0,0,2,1,1,10,7,0,both_recoverable
D3T-A-L2-I00,coverage,2,2,3,1,111000000,True,9,9,0,0,-12.75,strict_inversion,-24.5,-11.75,[0],[3],8,0.88888888888888884,0,0,3,0,0,10,,0,1,-0.43750018253922462,strict_inversion,-21.499999795109034,-21.062499612569809,[0],[7],8,0.88888888888888884,0,0,3,0,1,10,,0,neither_recoverable
D3T-A-L2-I01,coverage,2,2,3,1,111000000,True,9,9,1,1,1.25,recoverable,-28,-29.25,[2],"[3, 8]",7,0.77777777777777779,0,0,3,1,1,8,4,1,1,0.12500144448131323,recoverable,-21.437499450519681,-21.562500895000994,[0],[8],8,0.88888888888888884,0,0,3,1,1,10,6,0,both_recoverable
D3T-A-L2-I02,coverage,2,2,3,1,111000000,True,9,9,1,1,1.5,recoverable,-25.625,-27.125,[0],[3],8,0.88888888888888884,0,0,3,1,1,10,6,0,0,-0.87499942921567708,strict_inversion,-22.249999857624061,-21.375000428408384,[0],[6],8,0.88888888888888884,0,0,3,0,0,10,,-1,lost_recoverability
D3T-A-L2-I03,coverage,2,2,3,1,111000000,True,9,9,0,0,-12,strict_inversion,-26,-14,[0],[3],8,0.88888888888888884,0,0,3,0,0,10,,1,1,36.99999975218816,recoverable,15.374999762432708,-21.624999989755452,[0],[3],9,1,1,3,0,1,1,10,6,1,gained_recoverability
D3T-A-L2-I04,coverage,2,2,3,1,111000000,True,9,9,0,0,-30.75,strict_inversion,-25.75,5,[0],[3],7,0.77777777777777779,0,0,3,0,0,10,,1,1,0.68750015832483768,recoverable,-20.500000590458512,-21.18750074878335,[0],[4],8,0.88888888888888884,0,0,3,1,1,10,6,1,gained_recoverability
D3T-A-L2-I05,coverage,2,2,3,1,111000000,True,9,9,1,1,1.125,recoverable,-25.125,-26.25,[0],[3],8,0.88888888888888884,0,0,3,1,1,10,6,0,1,-0.2499998826533556,strict_inversion,-21.687499552033842,-21.437499669380486,[0],[6],8,0.88888888888888884,0,0,3,0,1,10,,-1,lost_recoverability
D3T-A-L2-I06,coverage,2,2,3,1,111000000,True,9,9,1,1,1.375,recoverable,-25.5,-26.875,[0],"[3, 6]",7,0.77777777777777779,0,0,3,1,1,8,4,0,1,-0.4999995231628418,strict_inversion,-21.812500379048288,-21.312500855885446,[0],[8],8,0.88888888888888884,0,0,3,0,1,10,,-1,lost_recoverability
D3T-A-L2-I07,coverage,2,2,3,1,111000000,True,9,9,0,0,-12.5,strict_inversion,-24.75,-12.25,[0],[3],8,0.88888888888888884,0,0,3,0,0,10,,1,1,0.50000020599691197,recoverable,-21.187499559309799,-21.687499765306711,[0],[5],8,0.88888888888888884,0,0,3,1,1,10,6,1,gained_recoverability
D3T-A-L2-I08,coverage,2,2,3,1,111000000,True,9,9,0,0,-1.875,strict_inversion,-26.375,-24.5,[0],[3],7,0.77777777777777779,0,0,3,0,0,10,,1,1,0.18749964702874422,recoverable,-20.750000029802322,-20.937499676831067,[0],[8],8,0.88888888888888884,0,0,3,1,1,10,6,1,gained_recoverability
D3T-A-L2-I09,coverage,2,2,3,1,111000000,True,9,9,0,0,-29,strict_inversion,-26.25,2.75,[0],[3],7,0.77777777777777779,0,0,3,0,0,10,,1,1,1.1250010915100574,recoverable,-20.56249924749136,-21.687500339001417,[0],[6],8,0.88888888888888884,0,0,3,1,1,10,6,1,gained_recoverability
D3T-A-L2-I10,coverage,2,2,3,1,111000000,True,9,9,0,0,-9,strict_inversion,-26.875,-17.875,[0],[3],8,0.88888888888888884,0,0,3,0,0,9,,0,0,-0.8750014347024262,strict_inversion,-22.062500676140189,-21.187499241437763,[0],[7],8,0.88888888888888884,0,0,3,0,0,10,,0,neither_recoverable
D3T-A-L2-I11,coverage,2,2,3,1,111000000,True,9,9,0,0,-13.75,strict_inversion,-25,-11.25,[0],[3],8,0.88888888888888884,0,0,3,0,0,10,,0,1,-0.18750033713877201,strict_inversion,-21.499999508261681,-21.312499171122909,[0],[5],8,0.88888888888888884,0,0,3,0,1,10,,0,neither_recoverable
D3T-A-L3-I00,coverage,3,3,4,1,111100000,True,9,9,0,0,-5.625,strict_inversion,-25.75,-20.125,[0],[4],8,0.88888888888888884,0,0,4,0,0,9,,1,1,0.56249971315264702,recoverable,-20.687500239349902,-21.249999952502549,[0],[7],8,0.88888888888888884,0,0,4,1,1,10,5,1,gained_recoverability
D3T-A-L3-I01,coverage,3,3,4,1,111100000,True,9,9,0,0,-9.75,strict_inversion,-27,-17.25,[0],[4],8,0.88888888888888884,0,0,4,0,0,9,,1,1,0.12499997415579855,recoverable,-20.624999761581421,-20.749999735737219,[0],[6],8,0.88888888888888884,0,0,4,1,1,10,5,1,gained_recoverability
D3T-A-L3-I02,coverage,3,3,4,1,111100000,True,9,9,0,0,-49.125,strict_inversion,-28.625,20.5,[0],[4],7,0.77777777777777779,0,0,4,0,0,10,,0,0,-1.1249992065131664,strict_inversion,-22.437499860301614,-21.312500653788447,[0],[8],8,0.88888888888888884,0,0,4,0,0,10,,0,neither_recoverable
D3T-A-L3-I03,coverage,3,3,4,1,111100000,True,9,9,1,1,2.875,recoverable,-24,-26.875,[0],[4],7,0.77777777777777779,0,0,4,1,1,10,5,0,1,-1.3125008968636394,strict_inversion,-22.687500200234354,-21.374999303370714,[0],[6],8,0.88888888888888884,0,0,4,0,1,10,,-1,lost_recoverability
D3T-A-L3-I04,coverage,3,3,4,1,111100000,True,9,9,0,0,-3.5,strict_inversion,-24.625,-21.125,[0],[4],8,0.88888888888888884,0,0,4,0,0,10,,0,0,-1.2500015115365386,strict_inversion,-23.000000746455044,-21.749999234918505,[0],[4],8,0.88888888888888884,0,0,4,0,0,10,,0,neither_recoverable
D3T-A-L3-I05,coverage,3,3,4,1,111100000,True,9,9,1,1,1.75,recoverable,-26.875,-28.625,[0],"[5, 6]",6,0.66666666666666663,0,0,4,1,1,8,3,1,1,0.87499925540760159,recoverable,-19.87500090803951,-20.750000163447112,[0],[4],8,0.88888888888888884,0,0,4,1,1,10,5,0,both_recoverable
D3T-A-L3-I06,coverage,3,3,4,1,111100000,True,9,9,1,1,0.125,recoverable,-25.625,-25.75,[0],[4],7,0.77777777777777779,0,0,4,1,1,10,5,1,1,1.4999994398094714,recoverable,-19.500000447966158,-20.99999988777563,[0],[7],8,0.88888888888888884,0,0,4,1,1,10,5,0,both_recoverable
D3T-A-L3-I07,coverage,3,3,4,1,111100000,True,9,9,1,1,5.75,recoverable,-20.5,-26.25,[3],[4],7,0.77777777777777779,0,0,4,1,1,10,5,1,1,0.31250009220093489,recoverable,-21.249999588355422,-21.562499680556357,[0],[8],8,0.88888888888888884,0,0,4,1,1,10,5,0,both_recoverable
D3T-A-L3-I08,coverage,3,3,4,1,111100000,True,9,9,0,0,-7.875,strict_inversion,-25.25,-17.375,[0],[4],8,0.88888888888888884,0,0,4,0,0,10,,1,1,0.062500869855284691,recoverable,-21.187499552965164,-21.250000422820449,[0],[5],8,0.88888888888888884,0,0,4,1,1,10,5,1,gained_recoverability
D3T-A-L3-I09,coverage,3,3,4,1,111100000,True,9,9,0,0,-7,strict_inversion,-26,-19,[0],[4],8,0.88888888888888884,0,0,4,0,0,10,,1,1,36.812499642372131,recoverable,14.999999535735697,-21.812500106636435,[0],[8],9,1,1,4,0,1,1,10,5,1,gained_recoverability
D3T-A-L3-I10,coverage,3,3,4,1,111100000,True,9,9,0,0,-35.375,strict_inversion,-28.125,7.25,[0],[4],7,0.77777777777777779,0,0,4,0,0,10,,0,1,-0.1249998789280653,strict_inversion,-20.999999931082129,-20.875000052154064,[0],[8],8,0.88888888888888884,0,0,4,0,1,10,,0,neither_recoverable
D3T-A-L3-I11,coverage,3,3,4,1,111100000,True,9,9,0,0,-21.125,strict_inversion,-26.125,-5,[0],[4],8,0.88888888888888884,0,0,4,0,0,10,,0,0,-0.62500040512531996,strict_inversion,-21.874999850988388,-21.249999445863068,[0],[8],8,0.88888888888888884,0,0,4,0,0,10,,0,neither_recoverable
D3T-A-L4-I00,coverage,4,4,5,1,111110000,True,9,9,0,0,-13.125,strict_inversion,-26.625,-13.5,[0],[5],8,0.88888888888888884,0,0,5,0,0,10,,1,1,0.68749992083758116,recoverable,-20.687499418854713,-21.374999339692295,[0],[7],8,0.88888888888888884,0,0,5,1,1,10,4,1,gained_recoverability
D3T-A-L4-I01,coverage,4,4,5,1,111110000,True,9,9,0,0,-34.625,strict_inversion,-26.125,8.5,[0],[5],7,0.77777777777777779,0,0,5,0,0,10,,0,0,-38.437501450767741,strict_inversion,-21.18750082841143,17.25000062235631,[0],[5],7,0.77777777777777779,0,0,5,0,0,10,,0,neither_recoverable
D3T-A-L4-I02,coverage,4,4,5,1,111110000,True,9,9,1,1,0.25,recoverable,-25.875,-26.125,[0],[5],6,0.66666666666666663,0,0,5,1,1,10,4,0,0,-1.6249995799735188,strict_inversion,-22.56250033993274,-20.937500759959221,[0],[5],8,0.88888888888888884,0,0,5,0,0,10,,-1,lost_recoverability
D3T-A-L4-I03,coverage,4,4,5,1,111110000,True,9,9,1,1,5.875,recoverable,-19.875,-25.75,[0],[5],7,0.77777777777777779,0,0,5,1,1,10,4,1,1,1.9999994859099388,recoverable,-19.312499973922968,-21.312499459832907,[0],[7],8,0.88888888888888884,0,0,5,1,1,10,4,0,both_recoverable
D3T-A-L4-I04,coverage,4,4,5,1,111110000,True,9,9,0,0,-5.5,strict_inversion,-27.25,-21.75,[0],[5],7,0.77777777777777779,0,0,5,0,0,10,,1,1,0.12500010430812836,recoverable,-21.125000538304448,-21.250000642612576,[0],[6],8,0.88888888888888884,0,0,5,1,1,10,4,1,gained_recoverability
D3T-A-L4-I05,coverage,4,4,5,1,111110000,True,9,9,1,1,2.625,recoverable,-22.5,-25.125,[0],[5],6,0.66666666666666663,0,0,5,1,1,9,3,0,1,-0.12499913107603788,strict_inversion,-21.1874995585531,-21.062500427477062,[0],[8],8,0.88888888888888884,0,0,5,0,1,10,,-1,lost_recoverability
D3T-A-L4-I06,coverage,4,4,5,1,111110000,True,9,9,0,0,-0.5,strict_inversion,-25.375,-24.875,[0],[5],7,0.77777777777777779,0,0,5,0,0,10,,0,1,-0.12500055227428675,strict_inversion,-20.875000693835318,-20.750000141561031,[0],[7],8,0.88888888888888884,0,0,5,0,1,10,,0,neither_recoverable
D3T-A-L4-I07,coverage,4,4,5,1,111110000,True,9,9,0,0,-1.625,strict_inversion,-24.125,-22.5,[0],[5],7,0.77777777777777779,0,0,5,0,0,10,,0,0,-1.8124997224658728,strict_inversion,-23.18749928753823,-21.374999565072358,[0],[5],8,0.88888888888888884,0,0,5,0,0,10,,0,neither_recoverable
D3T-A-L4-I08,coverage,4,4,5,1,111110000,True,9,9,0,0,-2.5,strict_inversion,-24.125,-21.625,[0],[5],7,0.77777777777777779,0,0,5,0,0,10,,1,1,1.1250003697350621,recoverable,-19.37499937042594,-20.499999740161002,[0],[7],8,0.88888888888888884,0,0,5,1,1,10,4,1,gained_recoverability
D3T-A-L4-I09,coverage,4,4,5,1,111110000,True,9,9,0,0,-5.5,strict_inversion,-24.75,-19.25,[0],[5],7,0.77777777777777779,0,0,5,0,0,9,,1,1,38.750000043772161,recoverable,18.250000653788447,-20.499999389983714,[0],[7],9,1,1,5,0,1,1,10,4,1,gained_recoverability
D3T-A-L4-I10,coverage,4,4,5,1,111110000,True,9,9,0,0,-17.625,strict_inversion,-26.375,-8.75,[0],[5],8,0.88888888888888884,0,0,5,0,0,10,,1,1,31.437500569969416,recoverable,10.250000383704901,-21.187500186264515,[0],[8],9,1,1,5,0,1,1,10,4,1,gained_recoverability
D3T-A-L4-I11,coverage,4,4,5,1,111110000,True,9,9,0,0,-15.375,strict_inversion,-27.375,-12,[0],[5],8,0.88888888888888884,0,0,5,0,0,10,,0,0,-0.74999966309405863,strict_inversion,-21.749999192077667,-20.999999528983608,[0],[5],8,0.88888888888888884,0,0,5,0,0,10,,0,neither_recoverable
D3T-A-L5-I00,coverage,5,5,6,1,111111000,True,9,9,0,0,-15.125,strict_inversion,-27.875,-12.75,[0],[6],8,0.88888888888888884,0,0,6,0,0,10,,1,1,0.18750016042031348,recoverable,-20.999999325722456,-21.187499486142769,[0],[7],7,0.77777777777777779,0,0,6,1,1,10,3,1,gained_recoverability
D3T-A-L5-I01,coverage,5,5,6,1,111111000,True,9,9,0,0,-15.875,strict_inversion,-25.625,-9.75,[0],[7],8,0.88888888888888884,0,0,6,0,0,10,,0,1,-8.2072801887989044e-07,strict_inversion,-20.937500858679414,-20.937500037951395,[0],[8],8,0.88888888888888884,0,0,6,0,1,10,,0,neither_recoverable
D3T-A-L5-I02,coverage,5,5,6,1,111111000,True,9,9,0,0,-13,strict_inversion,-26,-13,[0],[6],8,0.88888888888888884,0,0,6,0,0,10,,1,1,0.74999893270432949,recoverable,-20.312500754371285,-21.062499687075615,[0],[6],8,0.88888888888888884,0,0,6,1,1,10,3,1,gained_recoverability
D3T-A-L5-I03,coverage,5,5,6,1,111111000,True,9,9,0,0,-18.375,strict_inversion,-27.375,-9,[0],[6],8,0.88888888888888884,0,0,6,0,0,10,,0,1,-0.31249953946098685,strict_inversion,-20.812499647960067,-20.50000010849908,[0],[7],8,0.88888888888888884,0,0,6,0,1,10,,0,neither_recoverable
D3T-A-L5-I04,coverage,5,5,6,1,111111000,True,9,9,0,0,-15.625,strict_inversion,-27.125,-11.5,[0],[6],7,0.77777777777777779,0,0,6,0,0,10,,0,0,-41.749999885912985,strict_inversion,-21.375000183470547,20.374999702442437,[0],[6],7,0.77777777777777779,0,0,6,0,0,10,,0,neither_recoverable
D3T-A-L5-I05,coverage,5,5,6,1,111111000,True,9,9,0,0,-8.375,strict_inversion,-28.25,-19.875,[0],[6],7,0.77777777777777779,0,0,6,0,0,10,,0,0,-2.562501244712621,strict_inversion,-23.062500641681254,-20.499999396968633,[0],[7],8,0.88888888888888884,0,0,6,0,0,10,,0,neither_recoverable
D3T-A-L5-I06,coverage,5,5,6,1,111111000,True,9,9,0,0,-18.125,strict_inversion,-25.375,-7.25,[0],[6],7,0.77777777777777779,0,0,6,0,0,10,,0,1,-0.062501351349055767,strict_inversion,-20.62500056438148,-20.562499213032424,[0],[8],8,0.88888888888888884,0,0,6,0,1,10,,0,neither_recoverable
D3T-A-L5-I07,coverage,5,5,6,1,111111000,True,9,9,0,0,-7.75,strict_inversion,-27.375,-19.625,[0],[6],7,0.77777777777777779,0,0,6,0,0,10,,1,1,1.1874996480182745,recoverable,-20.437500575557351,-21.625000223575626,[0],[7],8,0.88888888888888884,0,0,6,1,1,10,3,1,gained_recoverability
D3T-A-L5-I08,coverage,5,5,6,1,111111000,True,9,9,0,0,-22.25,strict_inversion,-28,-5.75,[0],[6],8,0.88888888888888884,0,0,6,0,0,10,,0,0,-1.6874991580843925,strict_inversion,-22.562499519437551,-20.875000361353159,[0],[7],8,0.88888888888888884,0,0,6,0,0,10,,0,neither_recoverable
D3T-A-L5-I09,coverage,5,5,6,1,111111000,True,9,9,0,0,-3.375,strict_inversion,-27.625,-24.25,[0],[6],6,0.66666666666666663,0,0,6,0,0,10,,0,0,-42.00000087893568,strict_inversion,-21.625000673811883,20.375000205123797,[0],[6],7,0.77777777777777779,0,0,6,0,0,10,,0,neither_recoverable
D3T-A-L5-I10,coverage,5,5,6,1,111111000,True,9,9,1,1,0.625,recoverable,-19,-19.625,[0],[6],7,0.77777777777777779,0,0,6,1,1,10,3,0,0,-41.375000745523721,strict_inversion,-21.125000317580998,20.250000427942723,[0],[6],7,0.77777777777777779,0,0,6,0,0,10,,-1,lost_recoverability
D3T-A-L5-I11,coverage,5,5,6,1,111111000,True,9,9,0,0,-10.375,strict_inversion,-25.75,-15.375,[0],[6],7,0.77777777777777779,0,0,6,0,0,10,,1,1,0.99999973434023559,recoverable,-20.937500102445483,-21.937499836785719,[0],[7],8,0.88888888888888884,0,0,6,1,1,10,3,1,gained_recoverability
D3T-A-L6-I00,coverage,6,6,7,1,111111100,True,9,9,0,0,-9.75,strict_inversion,-26.875,-17.125,[0],[7],8,0.88888888888888884,0,0,7,0,0,10,,0,0,-0.31249873549677432,strict_inversion,-21.624999249354005,-21.312500513857231,[0],[8],8,0.88888888888888884,0,0,7,0,0,10,,0,neither_recoverable
D3T-A-L6-I01,coverage,6,6,7,1,111111100,True,9,9,0,0,-7.25,strict_inversion,-26.125,-18.875,[0],[8],7,0.77777777777777779,0,0,7,0,0,10,,1,1,2.1250005951151252,recoverable,-19.187499259598553,-21.312499854713678,[0],[7],8,0.88888888888888884,0,0,7,1,1,10,2,1,gained_recoverability
D3T-A-L6-I02,coverage,6,6,7,1,111111100,True,9,9,0,0,-42.75,strict_inversion,-27.875,14.875,[0],[8],6,0.66666666666666663,0,0,7,0,0,10,,1,1,1.4999994055833668,recoverable,-20.250000486150384,-21.749999891733751,[0],[7],8,0.88888888888888884,0,0,7,1,1,10,2,1,gained_recoverability
D3T-A-L6-I03,coverage,6,6,7,1,111111100,True,9,9,0,0,-40.875,strict_inversion,-26.375,14.5,[0],[7],6,0.66666666666666663,0,0,7,0,0,10,,0,0,-2.0624986852053553,strict_inversion,-22.499999339692295,-20.437500654486939,[0],[8],8,0.88888888888888884,0,0,7,0,0,10,,0,neither_recoverable
D3T-A-L6-I04,coverage,6,6,7,1,111111100,True,9,9,0,0,-18.75,strict_inversion,-25.5,-6.75,[0],[8],6,0.66666666666666663,0,0,7,0,0,10,,1,1,0.43750029872171581,recoverable,-21.562500640749931,-22.000000939471647,[0],[8],8,0.88888888888888884,0,0,7,1,1,10,2,1,gained_recoverability
D3T-A-L6-I05,coverage,6,6,7,1,111111100,True,9,9,0,0,-15.75,strict_inversion,-26.75,-11,[0],[7],7,0.77777777777777779,0,0,7,0,0,10,,0,0,-0.24999910453334451,strict_inversion,-20.124999184161425,-19.87500007962808,[0],[7],8,0.88888888888888884,0,0,7,0,0,10,,0,neither_recoverable
D3T-A-L6-I06,coverage,6,6,7,1,111111100,True,9,9,0,0,-20.5,strict_inversion,-27,-6.5,[0],[7],7,0.77777777777777779,0,0,7,0,0,9,,1,1,3.0624998454004526,recoverable,-18.437499232590199,-21.499999077990651,[0],[7],8,0.88888888888888884,0,0,7,1,1,10,2,1,gained_recoverability
D3T-A-L6-I07,coverage,6,6,7,1,111111100,True,9,9,0,0,-30.875,strict_inversion,-25.875,5,[0],[7],7,0.77777777777777779,0,0,7,0,0,10,,0,0,-0.74999910313636065,strict_inversion,-21.562499502208084,-20.812500399071723,[0],[7],8,0.88888888888888884,0,0,7,0,0,10,,0,neither_recoverable
D3T-A-L6-I08,coverage,6,6,7,1,111111100,True,9,9,0,0,0,exact_tie,-26,-26,[0],"[7, 8]",5,0.55555555555555558,0,0,7,0,0,8,,1,1,2.1875009872019291,recoverable,-18.937499672174454,-21.125000659376383,[0],[8],8,0.88888888888888884,0,0,7,1,1,10,2,1,gained_recoverability
D3T-A-L6-I09,coverage,6,6,7,1,111111100,True,9,9,0,0,-28.125,strict_inversion,-23.875,4.25,[0],[7],7,0.77777777777777779,0,0,7,0,0,10,,1,1,32.999999675201252,recoverable,12.374999905237928,-20.624999769963324,[0],[8],9,1,1,7,0,1,1,10,2,1,gained_recoverability
D3T-A-L6-I10,coverage,6,6,7,1,111111100,True,9,9,0,0,-49.125,strict_inversion,-26.5,22.625,[0],[7],6,0.66666666666666663,0,0,7,0,0,10,,1,1,0.18749845540151,recoverable,-20.562500850297511,-20.749999305699021,[0],[7],8,0.88888888888888884,0,0,7,1,1,10,2,1,gained_recoverability
D3T-A-L6-I11,coverage,6,6,7,1,111111100,True,9,9,0,0,-16.625,strict_inversion,-22.875,-6.25,[0],[8],6,0.66666666666666663,0,0,7,0,0,10,,1,1,3.1874994831159711,recoverable,-17.937500864267349,-21.12500034738332,[0],[8],8,0.88888888888888884,0,0,7,1,1,10,2,1,gained_recoverability
D3T-A-L7-I00,coverage,7,7,8,1,111111110,True,9,9,0,0,-46.875,strict_inversion,-26,20.875,[0],[8],7,0.77777777777777779,0,0,8,0,0,9,,1,1,0.50000018160790205,recoverable,-20.374999184161425,-20.874999365769327,[0],[8],8,0.88888888888888884,0,0,8,1,1,10,1,1,gained_recoverability
D3T-A-L7-I01,coverage,7,7,8,1,111111110,True,9,9,0,0,-16.125,strict_inversion,-23.875,-7.75,[0],[8],8,0.88888888888888884,0,0,8,0,0,10,,0,0,-0.93750013364478946,strict_inversion,-23.06249959114939,-22.1249994575046,[0],[8],7,0.77777777777777779,0,0,8,0,0,10,,0,neither_recoverable
D3T-A-L7-I02,coverage,7,7,8,1,111111110,True,9,9,0,0,-21.125,strict_inversion,-26.875,-5.75,[0],[8],7,0.77777777777777779,0,0,8,0,0,10,,0,0,-0.12499937601387501,strict_inversion,-20.250000087544322,-20.125000711530447,[0],[8],8,0.88888888888888884,0,0,8,0,0,10,,0,neither_recoverable
D3T-A-L7-I03,coverage,7,7,8,1,111111110,True,9,9,0,0,-19.875,strict_inversion,-17.625,2.25,[0],[8],7,0.77777777777777779,0,0,8,0,0,10,,0,0,-0.37500133365392685,strict_inversion,-20.000000514090061,-19.624999180436134,[0],[8],8,0.88888888888888884,0,0,8,0,0,10,,0,neither_recoverable
D3T-A-L7-I04,coverage,7,7,8,1,111111110,True,9,9,0,0,-26.375,strict_inversion,-21.875,4.5,[0],[8],7,0.77777777777777779,0,0,8,0,0,10,,0,0,-0.31249958463013172,strict_inversion,-21.062499826774001,-20.750000242143869,[0],[8],8,0.88888888888888884,0,0,8,0,0,10,,0,neither_recoverable
D3T-A-L7-I05,coverage,7,7,8,1,111111110,True,9,9,0,0,-38.875,strict_inversion,-25.375,13.5,[0],[8],7,0.77777777777777779,0,0,8,0,0,9,,0,0,-39.562500401865691,strict_inversion,-20.937500700354576,18.624999701511115,[0],[8],7,0.77777777777777779,0,0,8,0,0,10,,0,neither_recoverable
D3T-A-L7-I06,coverage,7,7,8,1,111111110,True,9,9,0,0,-46.25,strict_inversion,-27.375,18.875,[0],[8],7,0.77777777777777779,0,0,8,0,0,10,,1,1,2.0625005657784641,recoverable,-20.062499979510903,-22.125000545289367,[0],[8],8,0.88888888888888884,0,0,8,1,1,10,1,1,gained_recoverability
D3T-A-L7-I07,coverage,7,7,8,1,111111110,True,9,9,0,0,-26.625,strict_inversion,-23.625,3,[0],[8],7,0.77777777777777779,0,0,8,0,0,10,,1,1,1.0000009250361472,recoverable,-20.812499508261681,-21.812500433297828,[0],[8],8,0.88888888888888884,0,0,8,1,1,10,1,1,gained_recoverability
D3T-A-L7-I08,coverage,7,7,8,1,111111110,True,9,9,0,0,-37.875,strict_inversion,-24.125,13.75,[0],[8],7,0.77777777777777779,0,0,8,0,0,9,,1,1,1.6250004358589649,recoverable,-20.437499433755875,-22.06249986961484,[0],[8],8,0.88888888888888884,0,0,8,1,1,10,1,1,gained_recoverability
D3T-A-L7-I09,coverage,7,7,8,1,111111110,True,9,9,0,0,-6.5,strict_inversion,-25.125,-18.625,[0],[8],4,0.44444444444444442,0,0,8,0,0,10,,1,1,36.562500263564289,recoverable,15.250000121537596,-21.312500142026693,[0],[8],9,1,1,8,0,1,1,10,1,1,gained_recoverability
D3T-A-L7-I10,coverage,7,7,8,1,111111110,True,9,9,0,0,-40.75,strict_inversion,-26.5,14.25,[0],[8],7,0.77777777777777779,0,0,8,0,0,9,,1,1,1.2500016421545297,recoverable,-20.624999117106199,-21.875000759260729,[0],[8],8,0.88888888888888884,0,0,8,1,1,10,1,1,gained_recoverability
D3T-A-L7-I11,coverage,7,7,8,1,111111110,True,9,9,0,0,-30,strict_inversion,-25.25,4.75,[0],[8],7,0.77777777777777779,0,0,8,0,0,9,,0,0,-0.24999999941792339,strict_inversion,-20.499999536667019,-20.249999537249096,[0],[8],8,0.88888888888888884,0,0,8,0,0,10,,0,neither_recoverable
D3T-A-L8-I00,coverage,8,8,9,0,111111111,True,9,9,1,1,,constant_oracle_recoverable,-27.625,,[0],[],8,0.88888888888888884,0,0,9,1,1,10,0,1,1,,constant_oracle_recoverable,-20.749999370193109,,[0],[],8,0.88888888888888884,0,0,9,1,1,10,0,0,both_recoverable
D3T-A-L8-I01,coverage,8,8,9,0,111111111,True,9,9,1,1,,constant_oracle_recoverable,-29.5,,[0],[],8,0.88888888888888884,0,0,9,1,1,10,0,1,1,,constant_oracle_recoverable,-22.749999653780833,,[0],[],8,0.88888888888888884,0,0,9,1,1,10,0,0,both_recoverable
D3T-A-L8-I02,coverage,8,8,9,0,111111111,True,9,9,1,1,,constant_oracle_recoverable,-25.125,,[0],[],8,0.88888888888888884,0,0,9,1,1,10,0,1,1,,constant_oracle_recoverable,-18.43750074505806,,[0],[],8,0.88888888888888884,0,0,9,1,1,10,0,0,both_recoverable
D3T-A-L8-I03,coverage,8,8,9,0,111111111,True,9,9,1,1,,constant_oracle_recoverable,-20.375,,[0],[],8,0.88888888888888884,0,0,9,1,1,10,0,1,1,,constant_oracle_recoverable,-19.187500128522515,,[0],[],8,0.88888888888888884,0,0,9,1,1,10,0,0,both_recoverable
D3T-A-L8-I04,coverage,8,8,9,0,111111111,True,9,9,1,1,,constant_oracle_recoverable,-26.25,,[0],[],8,0.88888888888888884,0,0,9,1,1,10,0,1,1,,constant_oracle_recoverable,-21.875000861473382,,[0],[],8,0.88888888888888884,0,0,9,1,1,10,0,0,both_recoverable
D3T-A-L8-I05,coverage,8,8,9,0,111111111,True,9,9,1,1,,constant_oracle_recoverable,-25.125,,[0],[],8,0.88888888888888884,0,0,9,1,1,9,0,1,1,,constant_oracle_recoverable,-20.625000907108188,,[0],[],8,0.88888888888888884,0,0,9,1,1,10,0,0,both_recoverable
D3T-A-L8-I06,coverage,8,8,9,0,111111111,True,9,9,1,1,,constant_oracle_recoverable,-28,,[0],[],8,0.88888888888888884,0,0,9,1,1,9,0,1,1,,constant_oracle_recoverable,-21.812500463798642,,[0],[],8,0.88888888888888884,0,0,9,1,1,10,0,0,both_recoverable
D3T-A-L8-I07,coverage,8,8,9,0,111111111,True,9,9,1,1,,constant_oracle_recoverable,-22,,[0],[],8,0.88888888888888884,0,0,9,1,1,10,0,1,1,,constant_oracle_recoverable,-22.687500684522092,,[0],[],8,0.88888888888888884,0,0,9,1,1,10,0,0,both_recoverable
D3T-A-L8-I08,coverage,8,8,9,0,111111111,True,9,9,1,1,,constant_oracle_recoverable,-24.25,,[0],[],8,0.88888888888888884,0,0,9,1,1,10,0,1,1,,constant_oracle_recoverable,-20.562499557621777,,[0],[],8,0.88888888888888884,0,0,9,1,1,10,0,0,both_recoverable
D3T-A-L8-I09,coverage,8,8,9,0,111111111,True,9,9,1,1,,constant_oracle_recoverable,-18.875,,[0],[],5,0.55555555555555558,0,0,9,1,1,10,0,1,1,,constant_oracle_recoverable,12.249999903142452,,[0],[],9,1,1,9,0,1,1,10,0,0,both_recoverable
D3T-A-L8-I10,coverage,8,8,9,0,111111111,True,9,9,1,1,,constant_oracle_recoverable,-25.875,,[0],[],8,0.88888888888888884,0,0,9,1,1,10,0,1,1,,constant_oracle_recoverable,-20.562499962747097,,[0],[],8,0.88888888888888884,0,0,9,1,1,10,0,0,both_recoverable
D3T-A-L8-I11,coverage,8,8,9,0,111111111,True,9,9,1,1,,constant_oracle_recoverable,-24.75,,[0],[],4,0.44444444444444442,0,0,9,1,1,10,0,1,1,,constant_oracle_recoverable,-21.374999210238457,,[0],[],8,0.88888888888888884,0,0,9,1,1,10,0,0,both_recoverable
D3T-B-L0-I00,max_violation,0,8,9,0,111111111,True,9,9,1,1,,constant_oracle_recoverable,13.5,,[0],[],9,1,1,9,0,1,1,9,0,1,1,,constant_oracle_recoverable,19.56249916087836,,[2],[],9,1,1,9,0,1,1,10,0,0,both_recoverable
D3T-B-L0-I01,max_violation,0,8,9,0,111111111,True,9,9,1,1,,constant_oracle_recoverable,9.5,,[0],[],9,1,1,9,0,1,1,10,0,1,1,,constant_oracle_recoverable,19.999999251682311,,[2],[],9,1,1,9,0,1,1,10,0,0,both_recoverable
D3T-B-L0-I02,max_violation,0,8,9,0,111111111,True,9,9,1,1,,constant_oracle_recoverable,11.25,,[0],[],9,1,1,9,0,1,1,10,0,1,1,,constant_oracle_recoverable,20.124999681487679,,[7],[],9,1,1,9,0,1,1,10,0,0,both_recoverable
D3T-B-L0-I03,max_violation,0,8,9,0,111111111,True,9,9,1,1,,constant_oracle_recoverable,12,,[0],[],9,1,1,9,0,1,1,10,0,1,1,,constant_oracle_recoverable,18.875000685453415,,[3],[],9,1,1,9,0,1,1,10,0,0,both_recoverable
D3T-B-L0-I04,max_violation,0,8,9,0,111111111,True,9,9,1,1,,constant_oracle_recoverable,12,,[0],[],9,1,1,9,0,1,1,10,0,1,1,,constant_oracle_recoverable,19.250000516884029,,[0],[],9,1,1,9,0,1,1,10,0,0,both_recoverable
D3T-B-L0-I05,max_violation,0,8,9,0,111111111,True,9,9,1,1,,constant_oracle_recoverable,15.625,,[0],[],9,1,1,9,0,1,1,9,0,1,1,,constant_oracle_recoverable,20.25000087544322,,[1],[],9,1,1,9,0,1,1,10,0,0,both_recoverable
D3T-B-L0-I06,max_violation,0,8,9,0,111111111,True,9,9,1,1,,constant_oracle_recoverable,18.75,,[0],[],9,1,1,9,0,1,1,10,0,1,1,,constant_oracle_recoverable,20.124999230727553,,[5],[],9,1,1,9,0,1,1,10,0,0,both_recoverable
D3T-B-L0-I07,max_violation,0,8,9,0,111111111,True,9,9,1,1,,constant_oracle_recoverable,15.25,,[0],[],9,1,1,9,0,1,1,10,0,1,1,,constant_oracle_recoverable,19.625000801868737,,[6],[],9,1,1,9,0,1,1,10,0,0,both_recoverable
D3T-B-L0-I08,max_violation,0,8,9,0,111111111,True,9,9,1,1,,constant_oracle_recoverable,4.25,,[0],[],9,1,1,9,0,1,1,10,0,1,1,,constant_oracle_recoverable,19.875000150408596,,[3],[],9,1,1,9,0,1,1,10,0,0,both_recoverable
D3T-B-L0-I09,max_violation,0,8,9,0,111111111,True,9,9,1,1,,constant_oracle_recoverable,15,,[0],[],9,1,1,9,0,1,1,10,0,1,1,,constant_oracle_recoverable,20.187499416992068,,[4],[],9,1,1,9,0,1,1,10,0,0,both_recoverable
D3T-B-L0-I10,max_violation,0,8,9,0,111111111,True,9,9,1,1,,constant_oracle_recoverable,18.5,,[0],[],9,1,1,9,0,1,1,9,0,1,1,,constant_oracle_recoverable,20.625000508502126,,[6],[],9,1,1,9,0,1,1,10,0,0,both_recoverable
D3T-B-L0-I11,max_violation,0,8,9,0,111111111,True,9,9,1,1,,constant_oracle_recoverable,14.375,,[0],[],9,1,1,9,0,1,1,10,0,1,1,,constant_oracle_recoverable,19.000000357627869,,[0],[],9,1,1,9,0,1,1,10,0,0,both_recoverable
D3T-B-L1-I00,max_violation,1,7,8,1,111111110,True,9,9,1,1,9.25,recoverable,-16.375,-25.625,[0],[8],4,0.44444444444444442,0,0,8,1,1,10,1,1,1,44.187498624436557,recoverable,19.999999469146132,-24.187499155290425,[6],[8],9,1,1,8,0,1,1,10,1,0,both_recoverable
D3T-B-L1-I01,max_violation,1,7,8,1,111111110,True,9,9,1,1,10.25,recoverable,-17,-27.25,[0],[8],7,0.77777777777777779,0,0,8,1,1,10,1,1,1,42.687499680556357,recoverable,20.750000241212547,-21.93749943934381,[6],[8],9,1,1,8,0,1,1,10,1,0,both_recoverable
D3T-B-L1-I02,max_violation,1,7,8,1,111111110,True,9,9,1,1,11.25,recoverable,-13.875,-25.125,[0],[8],7,0.77777777777777779,0,0,8,1,1,10,1,1,1,41.562501508742571,recoverable,19.687500886619091,-21.87500062212348,[4],[8],9,1,1,8,0,1,1,10,1,0,both_recoverable
D3T-B-L1-I03,max_violation,1,7,8,1,111111110,True,9,9,1,1,6.25,recoverable,-22.625,-28.875,[0],[8],1,0.1111111111111111,0,0,8,1,1,10,1,1,1,42.000000141561031,recoverable,20.500000267289579,-21.499999874271452,[7],[8],9,1,1,8,0,1,1,10,1,0,both_recoverable
D3T-B-L1-I04,max_violation,1,7,8,1,111111110,True,9,9,1,1,27.375,recoverable,2.5,-24.875,[0],[8],9,1,1,8,0,1,1,9,1,1,1,44.437499458435923,recoverable,20.99999960558489,-23.437499852851033,[2],[8],9,1,1,8,0,1,1,10,1,0,both_recoverable
D3T-B-L1-I05,max_violation,1,7,8,1,111111110,True,9,9,1,1,16.5,recoverable,-11.25,-27.75,[7],[8],6,0.66666666666666663,0,0,8,1,1,10,1,1,1,42.750001268228516,recoverable,20.000000799773261,-22.750000468455255,[2],[8],9,1,1,8,0,1,1,10,1,0,both_recoverable
D3T-B-L1-I06,max_violation,1,7,8,1,111111110,True,9,9,1,1,13.75,recoverable,-13.5,-27.25,[0],[8],6,0.66666666666666663,0,0,8,1,1,10,1,1,1,42.500000721309334,recoverable,19.812500579748303,-22.687500141561031,[6],[8],9,1,1,8,0,1,1,10,1,0,both_recoverable
D3T-B-L1-I07,max_violation,1,7,8,1,111111110,True,9,9,1,1,9.875,recoverable,-19.625,-29.5,[2],[8],1,0.1111111111111111,0,0,8,1,1,10,1,1,1,42.562501359498128,recoverable,20.125000443076715,-22.437500916421413,[2],[8],9,1,1,8,0,1,1,10,1,0,both_recoverable
D3T-B-L1-I08,max_violation,1,7,8,1,111111110,True,9,9,1,1,28.25,recoverable,1.25,-27,[0],[8],9,1,1,8,0,1,1,10,1,1,1,42.312501209322363,recoverable,19.937500848434865,-22.375000360887498,[5],[8],9,1,1,8,0,1,1,10,1,0,both_recoverable
D3T-B-L1-I09,max_violation,1,7,8,1,111111110,True,9,9,1,1,16,recoverable,-12.125,-28.125,[0],[8],7,0.77777777777777779,0,0,8,1,1,10,1,1,1,42.750000666826963,recoverable,20.562500175088644,-22.187500491738319,[1],[8],9,1,1,8,0,1,1,10,1,0,both_recoverable
D3T-B-L1-I10,max_violation,1,7,8,1,111111110,True,9,9,1,1,19.375,recoverable,-6.5,-25.875,[0],[8],8,0.88888888888888884,0,0,8,1,1,8,1,1,1,42.187499452847987,recoverable,19.74999954784289,-22.437499905005097,[7],[8],9,1,1,8,0,1,1,10,1,0,both_recoverable
D3T-B-L1-I11,max_violation,1,7,8,1,111111110,True,9,9,1,1,27.25,recoverable,0,-27.25,[7],[8],9,1,1,8,0,1,1,10,1,1,1,43.500000211177394,recoverable,20.312499885447323,-23.18750032573007,[6],[8],9,1,1,8,0,1,1,10,1,0,both_recoverable
D3T-B-L2-I00,max_violation,2,6,7,1,111111100,True,9,9,0,0,-4.625,strict_inversion,-18.875,-14.25,[0],[7],3,0.33333333333333331,0,0,7,0,0,10,,1,1,42.812499859835953,recoverable,20.312500411644578,-22.499999448191375,[0],[8],9,1,1,7,0,1,1,10,2,1,gained_recoverability
D3T-B-L2-I01,max_violation,2,6,7,1,111111100,True,9,9,1,1,7.5,recoverable,-12,-19.5,[6],[7],6,0.66666666666666663,0,0,7,1,1,10,2,1,1,41.125000132014975,recoverable,20.06250031827949,-21.062499813735485,[4],[7],9,1,1,7,0,1,1,10,2,0,both_recoverable
D3T-B-L2-I02,max_violation,2,6,7,1,111111100,True,9,9,0,0,-2.125,strict_inversion,-16.625,-14.5,[6],[7],2,0.22222222222222221,0,0,7,0,0,10,,1,1,40.625000176485628,recoverable,19.875000150408596,-20.750000026077032,[6],[7],9,1,1,7,0,1,1,10,2,1,gained_recoverability
D3T-B-L2-I03,max_violation,2,6,7,1,111111100,True,9,9,1,1,6.625,recoverable,-18.125,-24.75,[6],[7],2,0.22222222222222221,0,0,7,1,1,8,2,1,1,41.374999424442649,recoverable,19.749999823048711,-21.624999601393938,[6],[7],9,1,1,7,0,1,1,10,2,0,both_recoverable
D3T-B-L2-I04,max_violation,2,6,7,1,111111100,True,9,9,1,1,0.75,recoverable,-8.25,-9,[6],[7],5,0.55555555555555558,0,0,7,1,1,10,2,1,1,42.062500062282197,recoverable,20.374999136547558,-21.687500925734639,[6],[7],9,1,1,7,0,1,1,10,2,0,both_recoverable
D3T-B-L2-I05,max_violation,2,6,7,1,111111100,True,9,9,1,1,2.25,recoverable,-22,-24.25,[0],[7],2,0.22222222222222221,0,0,7,1,1,10,2,1,1,41.75000134576112,recoverable,20.125000820495188,-21.625000525265932,[0],[8],9,1,1,7,0,1,1,10,2,0,both_recoverable
D3T-B-L2-I06,max_violation,2,6,7,1,111111100,True,9,9,0,0,-9.875,strict_inversion,-21.875,-12,[0],[7],2,0.22222222222222221,0,0,7,0,0,10,,1,1,40.562501143664122,recoverable,18.500000515952706,-22.062500627711415,[0],[7],9,1,1,7,0,1,1,10,2,1,gained_recoverability
D3T-B-L2-I07,max_violation,2,6,7,1,111111100,True,9,9,1,1,3,recoverable,-19.5,-22.5,"[0, 6]",[7],5,0.55555555555555558,0,0,7,1,1,9,2,1,1,42.500001342734322,recoverable,20.125000443076715,-22.375000899657607,[1],[7],9,1,1,7,0,1,1,10,2,0,both_recoverable
D3T-B-L2-I08,max_violation,2,6,7,1,111111100,True,9,9,1,1,4.625,recoverable,-13.5,-18.125,[0],[7],2,0.22222222222222221,0,0,7,1,1,9,2,1,1,41.49999983003363,recoverable,19.875000672414899,-21.624999157618731,[6],[7],9,1,1,7,0,1,1,10,2,0,both_recoverable
D3T-B-L2-I09,max_violation,2,6,7,1,111111100,True,9,9,0,0,-4.5,strict_inversion,-26.5,-22,[0],[7],2,0.22222222222222221,0,0,7,0,0,10,,1,1,41.375000544125214,recoverable,19.249999891268089,-22.125000652857125,[6],[7],9,1,1,7,0,1,1,10,2,1,gained_recoverability
D3T-B-L2-I10,max_violation,2,6,7,1,111111100,True,9,9,0,0,-11,strict_inversion,-20,-9,[0],[7],3,0.33333333333333331,0,0,7,0,0,10,,1,1,40.874999857507646,recoverable,19.374999919906259,-21.499999937601388,[6],[7],9,1,1,7,0,1,1,10,2,1,gained_recoverability
D3T-B-L2-I11,max_violation,2,6,7,1,111111100,True,9,9,1,1,17,recoverable,8.25,-8.75,[2],[7],9,1,1,7,0,1,1,9,2,1,1,41.625000018626451,recoverable,20.062500132247806,-21.562499886378646,[1],[8],9,1,1,7,0,1,1,10,2,0,both_recoverable
D3T-B-L3-I00,max_violation,3,5,6,1,111111000,True,9,9,1,1,0.25,recoverable,-6.25,-6.5,[5],[7],7,0.77777777777777779,0,0,6,1,1,9,3,1,1,39.06250102352351,recoverable,17.625000509433448,-21.437500514090061,[0],[6],9,1,1,6,0,1,1,10,3,0,both_recoverable
D3T-B-L3-I01,max_violation,3,5,6,1,111111000,True,9,9,0,0,-3.625,strict_inversion,-24.875,-21.25,[0],[6],3,0.33333333333333331,0,0,6,0,0,10,,1,1,42.499999304302037,recoverable,20.374999609775841,-22.124999694526196,[5],[8],9,1,1,6,0,1,1,10,3,1,gained_recoverability
D3T-B-L3-I02,max_violation,3,5,6,1,111111000,True,9,9,0,0,-1.25,strict_inversion,-6.5,-5.25,[0],[6],5,0.55555555555555558,0,0,6,0,0,9,,1,1,39.812500416301191,recoverable,19.12499959859997,-20.687500817701221,[5],[7],9,1,1,6,0,1,1,10,3,1,gained_recoverability
D3T-B-L3-I03,max_violation,3,5,6,1,111111000,True,9,9,0,0,-1.125,strict_inversion,-26.25,-25.125,[0],[6],3,0.33333333333333331,0,0,6,0,0,9,,1,1,42.312500450294465,recoverable,19.687500318046659,-22.625000132247806,[4],[8],9,1,1,6,0,1,1,10,3,1,gained_recoverability
D3T-B-L3-I04,max_violation,3,5,6,1,111111000,True,9,9,0,0,-6,strict_inversion,-22.375,-16.375,[0],[6],3,0.33333333333333331,0,0,6,0,0,10,,1,1,41.937499293358997,recoverable,20.312499194405973,-21.625000098953024,[1],[6],9,1,1,6,0,1,1,10,3,1,gained_recoverability
D3T-B-L3-I05,max_violation,3,5,6,1,111111000,True,9,9,0,0,-4.5,strict_inversion,-25.125,-20.625,[0],[6],3,0.33333333333333331,0,0,6,0,0,9,,1,1,40.437500266823918,recoverable,19.250000914558768,-21.187499352265149,[1],[8],9,1,1,6,0,1,1,10,3,1,gained_recoverability
D3T-B-L3-I06,max_violation,3,5,6,1,111111000,True,9,9,0,0,-0.625,strict_inversion,-24.25,-23.625,[0],[6],3,0.33333333333333331,0,0,6,0,0,10,,1,1,41.93750026030466,recoverable,19.374999725609086,-22.562500534695573,[5],[7],9,1,1,6,0,1,1,10,3,1,gained_recoverability
D3T-B-L3-I07,max_violation,3,5,6,1,111111000,True,9,9,1,1,5.25,recoverable,-11.75,-17,[5],[6],3,0.33333333333333331,0,0,6,1,1,10,3,1,1,41.000000684987754,recoverable,19.250000934116542,-21.749999750871211,[5],[7],9,1,1,6,0,1,1,10,3,0,both_recoverable
D3T-B-L3-I08,max_violation,3,5,6,1,111111000,True,9,9,1,1,0.25,recoverable,-22.25,-22.5,[0],[6],3,0.33333333333333331,0,0,6,1,1,10,3,1,1,41.37500145053491,recoverable,20.312500614207238,-21.062500836327672,[3],[7],9,1,1,6,0,1,1,10,3,0,both_recoverable
D3T-B-L3-I09,max_violation,3,5,6,1,111111000,True,9,9,1,1,1.625,recoverable,-23.25,-24.875,[0],[6],3,0.33333333333333331,0,0,6,1,1,10,3,1,1,42.812499522930011,recoverable,20.374999223742634,-22.437500299187377,[4],[7],9,1,1,6,0,1,1,10,3,0,both_recoverable
D3T-B-L3-I10,max_violation,3,5,6,1,111111000,True,9,9,0,0,-2.25,strict_inversion,-15.25,-13,[0],[6],4,0.44444444444444442,0,0,6,0,0,10,,1,1,40.499999357154593,recoverable,19.374999904772267,-21.124999452382326,[3],[6],9,1,1,6,0,1,1,10,3,1,gained_recoverability
D3T-B-L3-I11,max_violation,3,5,6,1,111111000,True,9,9,0,0,-6,strict_inversion,-21.25,-15.25,[0],[6],3,0.33333333333333331,0,0,6,0,0,10,,1,1,42.687498546671122,recoverable,20.874999259598553,-21.812499287072569,[5],[7],9,1,1,6,0,1,1,10,3,1,gained_recoverability
D3T-B-L4-I00,max_violation,4,4,5,1,111110000,True,9,9,0,0,-6.375,strict_inversion,-22.625,-16.25,[0],[5],4,0.44444444444444442,0,0,5,0,0,10,,1,1,40.999999750638381,recoverable,18.875000570435077,-22.124999180203304,[4],[5],9,1,1,5,0,1,1,10,4,1,gained_recoverability
D3T-B-L4-I01,max_violation,4,4,5,1,111110000,True,9,9,1,1,1.25,recoverable,-20.625,-21.875,[0],[5],4,0.44444444444444442,0,0,5,1,1,10,4,1,1,42.124998538056388,recoverable,20.374999129911885,-21.749999408144504,[0],[5],9,1,1,5,0,1,1,10,4,0,both_recoverable
D3T-B-L4-I02,max_violation,4,4,5,1,111110000,True,9,9,0,0,-3,strict_inversion,-27.875,-24.875,[0],[5],4,0.44444444444444442,0,0,5,0,0,10,,1,1,42.687499657855369,recoverable,20.249999244348146,-22.437500413507223,[2],[6],9,1,1,5,0,1,1,10,4,1,gained_recoverability
D3T-B-L4-I03,max_violation,4,4,5,1,111110000,True,9,9,0,0,-12.75,strict_inversion,-25.5,-12.75,[0],[5],4,0.44444444444444442,0,0,5,0,0,10,,1,1,41.437500445172191,recoverable,20.31250056438148,-21.12499988079071,[4],[5],9,1,1,5,0,1,1,10,4,1,gained_recoverability
D3T-B-L4-I04,max_violation,4,4,5,1,111110000,True,9,9,0,0,-1.5,strict_inversion,-19.5,-18,[0],[5],4,0.44444444444444442,0,0,5,0,0,10,,1,1,41.125000251689926,recoverable,19.499999525258318,-21.625000726431608,[4],[5],9,1,1,5,0,1,1,10,4,1,gained_recoverability
D3T-B-L4-I05,max_violation,4,4,5,1,111110000,True,9,9,0,0,-14.625,strict_inversion,-27.5,-12.875,[0],[5],4,0.44444444444444442,0,0,5,0,0,10,,1,1,40.56249897996895,recoverable,19.249999232124537,-21.312499747844413,[3],[5],9,1,1,5,0,1,1,10,4,1,gained_recoverability
D3T-B-L4-I06,max_violation,4,4,5,1,111110000,True,9,9,0,0,-3,strict_inversion,-26.375,-23.375,[0],[5],4,0.44444444444444442,0,0,5,0,0,10,,1,1,41.062501541338861,recoverable,19.562500950880349,-21.500000590458512,[2],[6],9,1,1,5,0,1,1,10,4,1,gained_recoverability
D3T-B-L4-I07,max_violation,4,4,5,1,111110000,True,9,9,0,0,-4.875,strict_inversion,-26.25,-21.375,[0],[5],4,0.44444444444444442,0,0,5,0,0,10,,1,1,41.500000872649252,recoverable,19.750000926665962,-21.749999945983291,[0],[5],9,1,1,5,0,1,1,10,4,1,gained_recoverability
D3T-B-L4-I08,max_violation,4,4,5,1,111110000,True,9,9,0,0,-11.875,strict_inversion,-23.625,-11.75,[0],"[5, 6]",4,0.44444444444444442,0,0,5,0,0,9,,1,1,40.937500411644578,recoverable,19.250000112690032,-21.687500298954546,[0],[8],9,1,1,5,0,1,1,10,4,1,gained_recoverability
D3T-B-L4-I09,max_violation,4,4,5,1,111110000,True,9,9,0,0,-4.5,strict_inversion,-25.5,-21,[0],[5],4,0.44444444444444442,0,0,5,0,0,10,,1,1,40.499999390449375,recoverable,19.499999513849616,-20.999999876599759,[0],[6],9,1,1,5,0,1,1,10,4,1,gained_recoverability
D3T-B-L4-I10,max_violation,4,4,5,1,111110000,True,9,9,0,0,-0.875,strict_inversion,-26.75,-25.875,[0],[5],4,0.44444444444444442,0,0,5,0,0,10,,1,1,40.499998723622411,recoverable,18.624999336898327,-21.874999386724085,[2],[5],9,1,1,5,0,1,1,10,4,1,gained_recoverability
D3T-B-L4-I11,max_violation,4,4,5,1,111110000,True,9,9,0,0,-0.5,strict_inversion,-12,-11.5,[0],[5],4,0.44444444444444442,0,0,5,0,0,10,,1,1,40.187500131316483,recoverable,19.437499319203198,-20.750000812113285,[2],[7],9,1,1,5,0,1,1,10,4,1,gained_recoverability
D3T-B-L5-I00,max_violation,5,3,4,1,111100000,True,9,9,0,0,-0.625,strict_inversion,-26.375,-25.75,"[0, 3]",[4],5,0.55555555555555558,0,0,4,0,0,9,,1,1,40.999998738989234,recoverable,19.999999199993908,-20.999999538995326,[3],[4],9,1,1,4,0,1,1,10,5,1,gained_recoverability
D3T-B-L5-I01,max_violation,5,3,4,1,111100000,True,9,9,0,0,-5.625,strict_inversion,-25.5,-19.875,[0],[4],5,0.55555555555555558,0,0,4,0,0,9,,1,1,41.875000055879354,recoverable,20.62499912083149,-21.250000935047865,[3],[5],9,1,1,4,0,1,1,10,5,1,gained_recoverability
D3T-B-L5-I02,max_violation,5,3,4,1,111100000,True,9,9,0,0,-4.25,strict_inversion,-26,-21.75,[0],[4],5,0.55555555555555558,0,0,4,0,0,9,,1,1,40.499999676132575,recoverable,18.999999156920239,-21.500000519212335,[3],[8],9,1,1,4,0,1,1,10,5,1,gained_recoverability
D3T-B-L5-I03,max_violation,5,3,4,1,111100000,True,9,9,0,0,-14.875,strict_inversion,-27.375,-12.5,[0],[4],5,0.55555555555555558,0,0,4,0,0,10,,1,1,40.062499484512955,recoverable,19.374999395571649,-20.687500088941306,[0],[5],9,1,1,4,0,1,1,10,5,1,gained_recoverability
D3T-B-L5-I04,max_violation,5,3,4,1,111100000,True,9,9,0,0,-5,strict_inversion,-23.125,-18.125,[0],[4],5,0.55555555555555558,0,0,4,0,0,10,,1,1,40.500000170432031,recoverable,19.375000498257577,-21.124999672174454,[1],[6],9,1,1,4,0,1,1,10,5,1,gained_recoverability
D3T-B-L5-I05,max_violation,5,3,4,1,111100000,True,9,9,0,0,-9.25,strict_inversion,-25.125,-15.875,[0],[4],5,0.55555555555555558,0,0,4,0,0,10,,1,1,39.124999665189534,recoverable,18.874999664723873,-20.250000000465661,[1],[5],9,1,1,4,0,1,1,10,5,1,gained_recoverability
D3T-B-L5-I06,max_violation,5,3,4,1,111100000,True,9,9,0,0,-16,strict_inversion,-25.75,-9.75,[0],[4],5,0.55555555555555558,0,0,4,0,0,10,,1,1,41.499999715946615,recoverable,19.874999244697392,-21.625000471249223,[3],[7],9,1,1,4,0,1,1,10,5,1,gained_recoverability
D3T-B-L5-I07,max_violation,5,3,4,1,111100000,True,9,9,0,0,-3.375,strict_inversion,-23.375,-20,[0],[4],5,0.55555555555555558,0,0,4,0,0,10,,1,1,41.187499965541065,recoverable,19.374999271705747,-21.812500693835318,[0],[5],9,1,1,4,0,1,1,10,5,1,gained_recoverability
D3T-B-L5-I08,max_violation,5,3,4,1,111100000,True,9,9,0,0,-14.125,strict_inversion,-26.375,-12.25,[0],[4],5,0.55555555555555558,0,0,4,0,0,10,,1,1,41.624999328749254,recoverable,20.124999568564817,-21.499999760184437,[1],[4],9,1,1,4,0,1,1,10,5,1,gained_recoverability
D3T-B-L5-I09,max_violation,5,3,4,1,111100000,True,9,9,0,0,-2.625,strict_inversion,-23.875,-21.25,[0],[4],5,0.55555555555555558,0,0,4,0,0,10,,1,1,40.312499931082129,recoverable,18.750000348314643,-21.562499582767487,[3],[8],9,1,1,4,0,1,1,10,5,1,gained_recoverability
D3T-B-L5-I10,max_violation,5,3,4,1,111100000,True,9,9,0,0,-3,strict_inversion,-24.375,-21.375,[0],[4],5,0.55555555555555558,0,0,4,0,0,10,,1,1,40.687500962987542,recoverable,19.687500538304448,-21.000000424683094,[2],[4],9,1,1,4,0,1,1,10,5,1,gained_recoverability
D3T-B-L5-I11,max_violation,5,3,4,1,111100000,True,9,9,0,0,-8.875,strict_inversion,-24.375,-15.5,[0],[4],5,0.55555555555555558,0,0,4,0,0,9,,1,1,41.437499861232936,recoverable,20.499999298714101,-20.937500562518835,[3],[8],9,1,1,4,0,1,1,10,5,1,gained_recoverability
D3T-B-L6-I00,max_violation,6,2,3,1,111000000,True,9,9,0,0,-9.125,strict_inversion,-26.75,-17.625,[0],[4],6,0.66666666666666663,0,0,3,0,0,9,,0,0,-0.74999953305814415,strict_inversion,19.250000583473593,20.000000116531737,[1],[3],8,0.88888888888888884,0,4,1,0,0,10,,0,neither_recoverable
D3T-B-L6-I01,max_violation,6,2,3,1,111000000,True,9,9,0,0,-9,strict_inversion,-26.75,-17.75,[0],[4],6,0.66666666666666663,0,0,3,0,0,10,,1,1,40.37500053551048,recoverable,19.000000293366611,-21.375000242143869,[1],[8],9,1,1,3,0,1,1,10,6,1,gained_recoverability
D3T-B-L6-I02,max_violation,6,2,3,1,111000000,True,9,9,0,0,-6,strict_inversion,-24.25,-18.25,[1],[4],6,0.66666666666666663,0,0,3,0,0,10,,1,1,40.687500027241185,recoverable,19.750000561820343,-20.937499465420842,[2],[3],9,1,1,3,0,1,1,10,6,1,gained_recoverability
D3T-B-L6-I03,max_violation,6,2,3,1,111000000,True,9,9,0,0,-9,strict_inversion,-21.5,-12.5,[0],[3],6,0.66666666666666663,0,0,3,0,0,10,,1,1,41.437499415129423,recoverable,19.875000080093741,-21.562499335035682,[2],[6],9,1,1,3,0,1,1,10,6,1,gained_recoverability
D3T-B-L6-I04,max_violation,6,2,3,1,111000000,True,9,9,0,0,-10.5,strict_inversion,-25,-14.5,[0],[3],6,0.66666666666666663,0,0,3,0,0,10,,1,1,40.875000542029738,recoverable,19.999999667517841,-20.875000874511898,[0],[7],9,1,1,3,0,1,1,10,6,1,gained_recoverability
D3T-B-L6-I05,max_violation,6,2,3,1,111000000,True,9,9,0,0,-4.25,strict_inversion,-26.125,-21.875,[0],[3],6,0.66666666666666663,0,0,3,0,0,10,,1,1,39.187500181607902,recoverable,18.12500060396269,-21.062499577645212,[0],[7],9,1,1,3,0,1,1,10,6,1,gained_recoverability
D3T-B-L6-I06,max_violation,6,2,3,1,111000000,True,9,9,0,0,-5.625,strict_inversion,-28,-22.375,[0],[4],6,0.66666666666666663,0,0,3,0,0,10,,1,1,40.937501280102879,recoverable,19.250000856816769,-21.68750042328611,[0],[4],9,1,1,3,0,1,1,10,6,1,gained_recoverability
D3T-B-L6-I07,max_violation,6,2,3,1,111000000,True,9,9,0,0,-6,strict_inversion,-26,-20,[0],[3],6,0.66666666666666663,0,0,3,0,0,10,,1,1,40.249999625608325,recoverable,19.250000175088644,-20.999999450519681,[2],[4],9,1,1,3,0,1,1,10,6,1,gained_recoverability
D3T-B-L6-I08,max_violation,6,2,3,1,111000000,True,9,9,0,0,-8.25,strict_inversion,-28.875,-20.625,[0],[4],6,0.66666666666666663,0,0,3,0,0,10,,1,1,40.187499223742634,recoverable,18.87500011222437,-21.312499111518264,[0],[8],9,1,1,3,0,1,1,10,6,1,gained_recoverability
D3T-B-L6-I09,max_violation,6,2,3,1,111000000,True,9,9,0,0,-2.25,strict_inversion,-27.625,-25.375,[0],"[3, 4]",6,0.66666666666666663,0,0,3,0,0,8,,1,1,40.437498772982508,recoverable,19.124999372754246,-21.312499400228262,[0],[5],9,1,1,3,0,1,1,10,6,1,gained_recoverability
D3T-B-L6-I10,max_violation,6,2,3,1,111000000,True,9,9,0,0,-6.75,strict_inversion,-28,-21.25,[0],[4],6,0.66666666666666663,0,0,3,0,0,10,,1,1,40.562500357627869,recoverable,19.375000108033419,-21.18750024959445,[1],[7],9,1,1,3,0,1,1,10,6,1,gained_recoverability
D3T-B-L6-I11,max_violation,6,2,3,1,111000000,True,9,9,0,0,-5.625,strict_inversion,-25.875,-20.25,[0],[3],6,0.66666666666666663,0,0,3,0,0,10,,0,0,-0.81250144727528095,strict_inversion,19.499999203253537,20.312500650528818,[1],[3],8,0.88888888888888884,0,4,1,0,0,10,,0,neither_recoverable
D3T-B-L7-I00,max_violation,7,1,2,1,110000000,True,9,9,0,0,-4.5,strict_inversion,-23.875,-19.375,[0],[2],7,0.77777777777777779,0,0,2,0,0,10,,0,0,-0.68749930628109723,strict_inversion,19.499999858438969,20.187499164720066,[0],[2],8,0.88888888888888884,0,3,1,0,0,10,,0,neither_recoverable
D3T-B-L7-I01,max_violation,7,1,2,1,110000000,True,9,9,0,0,-7.75,strict_inversion,-24,-16.25,[0],[3],7,0.77777777777777779,0,0,2,0,0,10,,1,1,41.125000487547368,recoverable,19.875000570435077,-21.249999917112291,[0],[3],9,1,1,2,0,1,1,10,7,1,gained_recoverability
D3T-B-L7-I02,max_violation,7,1,2,1,110000000,True,9,9,0,0,-12.25,strict_inversion,-19.75,-7.5,[0],[2],7,0.77777777777777779,0,0,2,0,0,10,,1,1,41.687500976957381,recoverable,19.625000894069672,-22.062500082887709,[0],[7],9,1,1,2,0,1,1,10,7,1,gained_recoverability
D3T-B-L7-I03,max_violation,7,1,2,1,110000000,True,9,9,0,0,-3.5,strict_inversion,-22.5,-19,[0],[4],7,0.77777777777777779,0,0,2,0,0,9,,1,1,41.812500262632966,recoverable,20.62500046286732,-21.187499799765646,[0],[4],9,1,1,2,0,1,1,10,7,1,gained_recoverability
D3T-B-L7-I04,max_violation,7,1,2,1,110000000,True,9,9,0,0,-4.875,strict_inversion,-27.5,-22.625,[0],[4],7,0.77777777777777779,0,0,2,0,0,10,,1,1,39.499998291954398,recoverable,17.874999091029167,-21.624999200925231,[1],[2],9,1,1,2,0,1,1,10,7,1,gained_recoverability
D3T-B-L7-I05,max_violation,7,1,2,1,110000000,True,9,9,0,0,-7.125,strict_inversion,-24.75,-17.625,[0],[2],7,0.77777777777777779,0,0,2,0,0,10,,1,1,41.124999980442226,recoverable,20.125000527594239,-20.999999452847987,[0],[6],9,1,1,2,0,1,1,10,7,1,gained_recoverability
D3T-B-L7-I06,max_violation,7,1,2,1,110000000,True,9,9,0,0,-8.25,strict_inversion,-27,-18.75,[0],[2],7,0.77777777777777779,0,0,2,0,0,10,,1,1,41.87499940302223,recoverable,20.312500034458935,-21.562499368563294,[1],[7],9,1,1,2,0,1,1,10,7,1,gained_recoverability
D3T-B-L7-I07,max_violation,7,1,2,1,110000000,True,9,9,0,0,-9.625,strict_inversion,-26.75,-17.125,[0],[2],7,0.77777777777777779,0,0,2,0,0,10,,1,1,40.250000525265932,recoverable,19.374999897554517,-20.875000627711415,[1],[4],9,1,1,2,0,1,1,10,7,1,gained_recoverability
D3T-B-L7-I08,max_violation,7,1,2,1,110000000,True,9,9,0,0,-15.5,strict_inversion,-26.75,-11.25,[0],[4],7,0.77777777777777779,0,0,2,0,0,10,,1,1,41.562499400228262,recoverable,20.125000179745257,-21.437499220483005,[0],[5],9,1,1,2,0,1,1,10,7,1,gained_recoverability
D3T-B-L7-I09,max_violation,7,1,2,1,110000000,True,9,9,0,0,-14.125,strict_inversion,-25.375,-11.25,[0],[4],7,0.77777777777777779,0,0,2,0,0,10,,1,1,41.187499367631972,recoverable,19.812500015366822,-21.374999352265149,[0],[4],9,1,1,2,0,1,1,10,7,1,gained_recoverability
D3T-B-L7-I10,max_violation,7,1,2,1,110000000,True,9,9,0,0,-2.5,strict_inversion,-25.375,-22.875,[0],[2],7,0.77777777777777779,0,0,2,0,0,9,,1,1,40.937499302905053,recoverable,19.624999889638275,-21.312499413266778,[1],[6],9,1,1,2,0,1,1,10,7,1,gained_recoverability
D3T-B-L7-I11,max_violation,7,1,2,1,110000000,True,9,9,0,0,-8.5,strict_inversion,-20.25,-11.75,[0],[2],7,0.77777777777777779,0,0,2,0,0,10,,0,0,-0.37500069360248744,strict_inversion,19.499999844003469,19.875000537605956,[0],[2],8,0.88888888888888884,0,3,1,0,0,10,,0,neither_recoverable
D3T-B-L8-I00,max_violation,8,0,1,1,100000000,True,9,9,0,0,-4.375,strict_inversion,-28.375,-24,[0],[4],8,0.88888888888888884,0,0,1,0,0,10,,1,1,41.499998920364305,recoverable,19.499999731779099,-21.999999188585207,[0],[1],9,1,1,1,0,1,1,10,8,1,gained_recoverability
D3T-B-L8-I01,max_violation,8,0,1,1,100000000,True,9,9,0,0,-5.625,strict_inversion,-22.75,-17.125,[0],[2],8,0.88888888888888884,0,0,1,0,0,10,,1,1,40.874999112915248,recoverable,19.749999528052285,-21.124999584862962,[0],[2],9,1,1,1,0,1,1,10,8,1,gained_recoverability
D3T-B-L8-I02,max_violation,8,0,1,1,100000000,True,9,9,0,0,-10.875,strict_inversion,-24.625,-13.75,[0],"[1, 2]",8,0.88888888888888884,0,0,1,0,0,9,,1,1,39.750000166706741,recoverable,18.37500091874972,-21.374999247957021,[0],[1],9,1,1,1,0,1,1,10,8,1,gained_recoverability
D3T-B-L8-I03,max_violation,8,0,1,1,100000000,True,9,9,0,0,-4.75,strict_inversion,-26.75,-22,[0],[4],8,0.88888888888888884,0,0,1,0,0,10,,1,1,40.562500498956069,recoverable,19.250000929227099,-21.312499569728971,[0],[5],9,1,1,1,0,1,1,10,8,1,gained_recoverability
D3T-B-L8-I04,max_violation,8,0,1,1,100000000,True,9,9,0,0,-6.625,strict_inversion,-27.625,-21,[0],[4],8,0.88888888888888884,0,0,1,0,0,10,,1,1,40.000000268220901,recoverable,19.000000800006092,-20.99999946821481,[0],[7],9,1,1,1,0,1,1,10,8,1,gained_recoverability
D3T-B-L8-I05,max_violation,8,0,1,1,100000000,True,9,9,0,0,-9.875,strict_inversion,-26.125,-16.25,[0],"[1, 2]",8,0.88888888888888884,0,0,1,0,0,9,,1,1,0.12499985098838806,recoverable,19.37499959114939,19.249999740161002,[0],[1],8,0.88888888888888884,0,2,1,1,1,10,8,1,gained_recoverability
D3T-B-L8-I06,max_violation,8,0,1,1,100000000,True,9,9,0,0,-4.875,strict_inversion,-24.75,-19.875,[0],[4],8,0.88888888888888884,0,0,1,0,0,10,,1,1,39.125000193715096,recoverable,18.249999749008566,-20.875000444706529,[0],[4],9,1,1,1,0,1,1,10,8,1,gained_recoverability
D3T-B-L8-I07,max_violation,8,0,1,1,100000000,True,9,9,0,0,-1.625,strict_inversion,-24,-22.375,[0],[4],8,0.88888888888888884,0,0,1,0,0,9,,1,1,40.312500335276127,recoverable,19.500000406056643,-20.812499929219484,[0],[5],9,1,1,1,0,1,1,10,8,1,gained_recoverability
D3T-B-L8-I08,max_violation,8,0,1,1,100000000,True,9,9,0,0,-1.5,strict_inversion,-25.375,-23.875,[0],[3],8,0.88888888888888884,0,0,1,0,0,10,,1,1,40.187500880565494,recoverable,18.750000277068466,-21.437500603497028,[0],[7],9,1,1,1,0,1,1,10,8,1,gained_recoverability
D3T-B-L8-I09,max_violation,8,0,1,1,100000000,True,9,9,0,0,-8.375,strict_inversion,-21,-12.625,[0],[3],8,0.88888888888888884,0,0,1,0,0,10,,1,1,1.0624997050035745,recoverable,19.187500419095159,18.125000714091584,[0],[1],8,0.88888888888888884,0,2,1,1,1,10,8,1,gained_recoverability
D3T-B-L8-I10,max_violation,8,0,1,1,100000000,True,9,9,0,0,-4.875,strict_inversion,-28.25,-23.375,[0],[4],8,0.88888888888888884,0,0,1,0,0,9,,1,1,38.750000657513738,recoverable,18.749999793246388,-20.000000864267349,[0],[3],9,1,1,1,0,1,1,10,8,1,gained_recoverability
D3T-B-L8-I11,max_violation,8,0,1,1,100000000,True,9,9,0,0,-5.5,strict_inversion,-29,-23.5,[0],[4],8,0.88888888888888884,0,0,1,0,0,10,,1,1,40.8749992873054,recoverable,19.249999742722139,-21.624999544583261,[0],[7],9,1,1,1,0,1,1,10,8,1,gained_recoverability
D3T-C-L0-I00,numeric_tolerance,0,8,9,0,111111111,True,9,9,1,1,,constant_oracle_recoverable,33,,"[6, 7]",[],9,1,1,9,0,1,1,6,0,1,1,,constant_oracle_recoverable,22.06249912083149,,[4],[],9,1,1,9,0,1,1,10,0,0,both_recoverable
D3T-C-L0-I01,numeric_tolerance,0,8,9,0,111111111,True,9,9,1,1,,constant_oracle_recoverable,33.375,,"[3, 4]",[],9,1,1,9,0,1,1,8,0,1,1,,constant_oracle_recoverable,22.187500482425094,,[4],[],9,1,1,9,0,1,1,10,0,0,both_recoverable
D3T-C-L0-I02,numeric_tolerance,0,8,9,0,111111111,True,9,9,1,1,,constant_oracle_recoverable,31.5,,[5],[],9,1,1,9,0,1,1,7,0,1,1,,constant_oracle_recoverable,22.374999180436134,,[4],[],9,1,1,9,0,1,1,10,0,0,both_recoverable
D3T-C-L0-I03,numeric_tolerance,0,8,9,0,111111111,True,9,9,1,1,,constant_oracle_recoverable,32.25,,[3],[],9,1,1,9,0,1,1,7,0,1,1,,constant_oracle_recoverable,22.124999310821295,,[4],[],9,1,1,9,0,1,1,10,0,0,both_recoverable
D3T-C-L0-I04,numeric_tolerance,0,8,9,0,111111111,True,9,9,1,1,,constant_oracle_recoverable,32.75,,"[3, 4]",[],9,1,1,9,0,1,1,7,0,1,1,,constant_oracle_recoverable,22.437499228864908,,[7],[],9,1,1,9,0,1,1,10,0,0,both_recoverable
D3T-C-L0-I05,numeric_tolerance,0,8,9,0,111111111,True,9,9,1,1,,constant_oracle_recoverable,32.75,,[3],[],9,1,1,9,0,1,1,9,0,1,1,,constant_oracle_recoverable,22.562499129213393,,[6],[],9,1,1,9,0,1,1,10,0,0,both_recoverable
D3T-C-L0-I06,numeric_tolerance,0,8,9,0,111111111,True,9,9,1,1,,constant_oracle_recoverable,32.625,,[7],[],9,1,1,9,0,1,1,8,0,1,1,,constant_oracle_recoverable,21.87499925494194,,[4],[],9,1,1,9,0,1,1,10,0,0,both_recoverable
D3T-C-L0-I07,numeric_tolerance,0,8,9,0,111111111,True,9,9,1,1,,constant_oracle_recoverable,32.625,,"[2, 3]",[],9,1,1,9,0,1,1,6,0,1,1,,constant_oracle_recoverable,22.562499577179551,,[0],[],9,1,1,9,0,1,1,10,0,0,both_recoverable
D3T-C-L0-I08,numeric_tolerance,0,8,9,0,111111111,True,9,9,1,1,,constant_oracle_recoverable,31.875,,[6],[],9,1,1,9,0,1,1,8,0,1,1,,constant_oracle_recoverable,21.875000246800482,,[8],[],9,1,1,9,0,1,1,10,0,0,both_recoverable
D3T-C-L0-I09,numeric_tolerance,0,8,9,0,111111111,True,9,9,1,1,,constant_oracle_recoverable,32.75,,"[1, 2, 3, 5, 6]",[],9,1,1,9,0,1,1,6,0,1,1,,constant_oracle_recoverable,21.875000413507223,,[2],[],9,1,1,9,0,1,1,10,0,0,both_recoverable
D3T-C-L0-I10,numeric_tolerance,0,8,9,0,111111111,True,9,9,1,1,,constant_oracle_recoverable,33,,"[2, 3, 5]",[],9,1,1,9,0,1,1,5,0,1,1,,constant_oracle_recoverable,22.124999543651938,,[0],[],9,1,1,9,0,1,1,10,0,0,both_recoverable
D3T-C-L0-I11,numeric_tolerance,0,8,9,0,111111111,True,9,9,1,1,,constant_oracle_recoverable,33.125,,[3],[],9,1,1,9,0,1,1,5,0,1,1,,constant_oracle_recoverable,22.312499184161425,,[4],[],9,1,1,9,0,1,1,10,0,0,both_recoverable
D3T-C-L1-I00,numeric_tolerance,1,7,8,1,111111110,True,9,9,1,1,59.125,recoverable,25.375,-33.75,[2],[8],9,1,1,8,0,1,1,9,1,1,1,45.812500175088644,recoverable,22.437499441206455,-23.375000733882189,[5],[8],9,1,1,8,0,1,1,10,1,0,both_recoverable
D3T-C-L1-I01,numeric_tolerance,1,7,8,1,111111110,True,9,9,1,1,9,recoverable,-12.5,-21.5,[7],[8],8,0.88888888888888884,0,7,1,1,1,10,1,1,1,44.437500000931323,recoverable,21.187499452382326,-23.250000548548996,[0],[8],9,1,1,8,0,1,1,10,1,0,both_recoverable
D3T-C-L1-I02,numeric_tolerance,1,7,8,1,111111110,True,9,9,1,1,60,recoverable,29.375,-30.625,[1],[8],9,1,1,8,0,1,1,8,1,1,1,45.312501705717295,recoverable,22.37500075250864,-22.937500953208655,[2],[8],9,1,1,8,0,1,1,10,1,0,both_recoverable
D3T-C-L1-I03,numeric_tolerance,1,7,8,1,111111110,True,9,9,1,1,37.875,recoverable,16.75,-21.125,[7],[8],9,1,1,8,0,1,1,10,1,1,1,45.124998392304406,recoverable,21.624999090097845,-23.499999302206561,[7],[8],9,1,1,8,0,1,1,10,1,0,both_recoverable
D3T-C-L1-I04,numeric_tolerance,1,7,8,1,111111110,True,9,9,1,1,46.625,recoverable,17,-29.625,[7],[8],9,1,1,8,0,1,1,9,1,1,1,45.500001061242074,recoverable,22.062500414438546,-23.437500646803528,[7],[8],9,1,1,8,0,1,1,10,1,0,both_recoverable
D3T-C-L1-I05,numeric_tolerance,1,7,8,1,111111110,True,9,9,1,1,35.875,recoverable,12.5,-23.375,[7],[8],9,1,1,8,0,1,1,10,1,1,1,44.750000758096576,recoverable,22.062500553205609,-22.687500204890966,[1],[8],9,1,1,8,0,1,1,10,1,0,both_recoverable
D3T-C-L1-I06,numeric_tolerance,1,7,8,1,111111110,True,9,9,1,1,54.25,recoverable,23.375,-30.875,[7],[8],9,1,1,8,0,1,1,9,1,1,1,45.062501258216798,recoverable,21.625000909902155,-23.437500348314643,[7],[8],9,1,1,8,0,1,1,10,1,0,both_recoverable
D3T-C-L1-I07,numeric_tolerance,1,7,8,1,111111110,True,9,9,1,1,10,recoverable,-12.75,-22.75,[7],[8],8,0.88888888888888884,0,7,1,1,1,10,1,1,1,44.187499700114131,recoverable,21.31250012293458,-22.874999577179551,[5],[8],9,1,1,8,0,1,1,10,1,0,both_recoverable
D3T-C-L1-I08,numeric_tolerance,1,7,8,1,111111110,True,9,9,1,1,51.125,recoverable,19.25,-31.875,[7],[8],9,1,1,8,0,1,1,10,1,1,1,43.750000551342964,recoverable,20.375000201165676,-23.375000350177288,[4],[8],9,1,1,8,0,1,1,10,1,0,both_recoverable
D3T-C-L1-I09,numeric_tolerance,1,7,8,1,111111110,True,9,9,1,1,11.25,recoverable,-9.75,-21,[7],[8],8,0.88888888888888884,0,7,1,1,1,9,1,1,1,44.937499144114554,recoverable,22.062499816529453,-22.874999327585101,[4],[8],9,1,1,8,0,1,1,10,1,0,both_recoverable
D3T-C-L1-I10,numeric_tolerance,1,7,8,1,111111110,True,9,9,1,1,49,recoverable,19.25,-29.75,[7],[8],9,1,1,8,0,1,1,10,1,1,1,43.312500055879354,recoverable,21.687500918284059,-21.624999137595296,[2],[8],9,1,1,8,0,1,1,10,1,0,both_recoverable
D3T-C-L1-I11,numeric_tolerance,1,7,8,1,111111110,True,9,9,1,1,11.25,recoverable,-15.5,-26.75,[7],[8],7,0.77777777777777779,0,6,2,1,1,10,1,1,1,44.062498715240508,recoverable,21.124999178573489,-22.937499536667019,[1],[8],9,1,1,8,0,1,1,10,1,0,both_recoverable
D3T-C-L2-I00,numeric_tolerance,2,6,7,1,111111100,True,9,9,1,1,16.125,recoverable,24.625,8.5,[6],[7],8,0.88888888888888884,0,8,1,1,1,10,2,1,1,45.249999467749149,recoverable,21.875000149011612,-23.374999318737537,[2],[8],9,1,1,7,0,1,1,10,2,0,both_recoverable
D3T-C-L2-I01,numeric_tolerance,2,6,7,1,111111100,True,9,9,1,1,25.25,recoverable,15.75,-9.5,[6],[7],9,1,1,7,0,1,1,10,2,1,1,42.749998804181814,recoverable,20.37499949708581,-22.374999307096004,[2],[7],9,1,1,7,0,1,1,10,2,0,both_recoverable
D3T-C-L2-I02,numeric_tolerance,2,6,7,1,111111100,True,9,9,1,1,35.375,recoverable,21.875,-13.5,[6],[7],9,1,1,7,0,1,1,10,2,1,1,44.062500353902578,recoverable,21.562499687075615,-22.500000666826963,[2],[8],9,1,1,7,0,1,1,10,2,0,both_recoverable
D3T-C-L2-I03,numeric_tolerance,2,6,7,1,111111100,True,9,9,1,1,16.75,recoverable,-9.25,-26,[6],[7],8,0.88888888888888884,0,6,1,1,1,9,2,1,1,45.374999731080607,recoverable,22.437499853782356,-22.937499877298251,[3],[7],9,1,1,7,0,1,1,10,2,0,both_recoverable
D3T-C-L2-I04,numeric_tolerance,2,6,7,1,111111100,True,9,9,1,1,11.5,recoverable,24.75,13.25,[4],[7],8,0.88888888888888884,0,8,1,1,1,9,2,1,1,42.749999361578375,recoverable,21.187499843537807,-21.562499518040568,[0],[7],9,1,1,7,0,1,1,10,2,0,both_recoverable
D3T-C-L2-I05,numeric_tolerance,2,6,7,1,111111100,True,9,9,1,1,11.375,recoverable,28.375,17,[6],[7],8,0.88888888888888884,0,8,1,1,1,9,2,1,1,45.312500319443643,recoverable,22.375000071711838,-22.937500247731805,[3],[8],9,1,1,7,0,1,1,10,2,0,both_recoverable
D3T-C-L2-I06,numeric_tolerance,2,6,7,1,111111100,True,9,9,1,1,30.375,recoverable,25.875,-4.5,[1],[7],9,1,1,7,0,1,1,10,2,1,1,44.312499006744474,recoverable,21.187499098479748,-23.124999908264726,[5],[7],9,1,1,7,0,1,1,10,2,0,both_recoverable
D3T-C-L2-I07,numeric_tolerance,2,6,7,1,111111100,True,9,9,1,1,19.5,recoverable,-2.5,-22,"[5, 6]",[7],7,0.77777777777777779,0,5,2,1,1,9,2,1,1,44.187499192543328,recoverable,20.874999183230102,-23.312500009313226,[6],[7],9,1,1,7,0,1,1,10,2,0,both_recoverable
D3T-C-L2-I08,numeric_tolerance,2,6,7,1,111111100,True,9,9,1,1,31.5,recoverable,17.75,-13.75,[6],[7],9,1,1,7,0,1,1,10,2,1,1,42.999999135732651,recoverable,20.74999926192686,-22.249999873805791,[0],[7],9,1,1,7,0,1,1,10,2,0,both_recoverable
D3T-C-L2-I09,numeric_tolerance,2,6,7,1,111111100,True,9,9,1,1,7.375,recoverable,26.375,19,[6],[7],8,0.88888888888888884,0,8,1,1,1,10,2,1,1,44.749999386258423,recoverable,22.000000216066837,-22.749999170191586,[2],[7],9,1,1,7,0,1,1,10,2,0,both_recoverable
D3T-C-L2-I10,numeric_tolerance,2,6,7,1,111111100,True,9,9,1,1,27.75,recoverable,21.25,-6.5,[6],[7],9,1,1,7,0,1,1,10,2,1,1,43.250000653788447,recoverable,20.250000179745257,-23.00000047404319,[0],[8],9,1,1,7,0,1,1,10,2,0,both_recoverable
D3T-C-L2-I11,numeric_tolerance,2,6,7,1,111111100,True,9,9,1,1,32.5,recoverable,9.5,-23,[6],[7],9,1,1,7,0,1,1,9,2,1,1,44.250000795349479,recoverable,21.062500813044608,-23.187499982304871,[3],[8],9,1,1,7,0,1,1,10,2,0,both_recoverable
D3T-C-L3-I00,numeric_tolerance,3,5,6,1,111111000,True,9,9,1,1,5.875,recoverable,24.875,19,[5],[6],8,0.88888888888888884,0,7,1,1,1,9,3,1,1,43.812498859595507,recoverable,20.562499679625034,-23.249999179970473,[1],[7],9,1,1,6,0,1,1,10,3,0,both_recoverable
D3T-C-L3-I01,numeric_tolerance,3,5,6,1,111111000,True,9,9,1,1,13.75,recoverable,-6.75,-20.5,[5],[6],8,0.88888888888888884,0,5,1,1,1,10,3,1,1,42.375001042149961,recoverable,21.000000679865479,-21.375000362284482,[5],[6],9,1,1,6,0,1,1,10,3,0,both_recoverable
D3T-C-L3-I02,numeric_tolerance,3,5,6,1,111111000,True,9,9,1,1,4.375,recoverable,27,22.625,[5],[6],8,0.88888888888888884,0,7,1,1,1,10,3,1,1,43.499999998137355,recoverable,20.812499765306711,-22.687500232830644,[4],[7],9,1,1,6,0,1,1,10,3,0,both_recoverable
D3T-C-L3-I03,numeric_tolerance,3,5,6,1,111111000,True,9,9,1,1,12.75,recoverable,23,10.25,[4],[6],8,0.88888888888888884,0,7,1,1,1,10,3,1,1,44.000000162981451,recoverable,21.374999385327101,-22.62500077765435,[4],[8],9,1,1,6,0,1,1,10,3,0,both_recoverable
D3T-C-L3-I04,numeric_tolerance,3,5,6,1,111111000,True,9,9,1,1,2.625,recoverable,23.875,21.25,[1],[6],8,0.88888888888888884,0,7,1,1,1,10,3,1,1,42.687500417232513,recoverable,20.81250088987872,-21.874999527353793,[0],[6],9,1,1,6,0,1,1,10,3,0,both_recoverable
D3T-C-L3-I05,numeric_tolerance,3,5,6,1,111111000,True,9,9,1,1,3.25,recoverable,25.875,22.625,"[4, 5]",[6],8,0.88888888888888884,0,7,1,1,1,8,3,1,1,44.624998922459781,recoverable,21.999999065883458,-22.624999856576324,[0],[7],9,1,1,6,0,1,1,10,3,0,both_recoverable
D3T-C-L3-I06,numeric_tolerance,3,5,6,1,111111000,True,9,9,1,1,5.5,recoverable,16,10.5,[4],[6],8,0.88888888888888884,0,7,1,1,1,9,3,1,1,42.562499922700226,recoverable,20.499999526888132,-22.062500395812094,[4],[8],9,1,1,6,0,1,1,10,3,0,both_recoverable
D3T-C-L3-I07,numeric_tolerance,3,5,6,1,111111000,True,9,9,1,1,10.625,recoverable,-13.5,-24.125,[5],[6],6,0.66666666666666663,0,3,3,1,1,10,3,1,1,43.43750040512532,recoverable,20.625000299885869,-22.812500105239451,[0],[8],9,1,1,6,0,1,1,10,3,0,both_recoverable
D3T-C-L3-I08,numeric_tolerance,3,5,6,1,111111000,True,9,9,0,0,0,exact_tie,22.375,22.375,[4],[6],7,0.77777777777777779,0,8,2,0,0,8,,1,1,43.687499701511115,recoverable,20.812499726656824,-22.87499997485429,[4],[7],9,1,1,6,0,1,1,10,3,1,gained_recoverability
D3T-C-L3-I09,numeric_tolerance,3,5,6,1,111111000,True,9,9,1,1,9.25,recoverable,2,-7.25,[5],[6],9,1,1,6,0,1,1,10,3,1,1,41.687499444000423,recoverable,20.249999064952135,-21.437500379048288,[4],[7],9,1,1,6,0,1,1,10,3,0,both_recoverable
D3T-C-L3-I10,numeric_tolerance,3,5,6,1,111111000,True,9,9,1,1,4.5,recoverable,21.5,17,[5],[6],8,0.88888888888888884,0,7,1,1,1,9,3,1,1,43.375000780448318,recoverable,20.812500035390258,-22.56250074505806,[3],[6],9,1,1,6,0,1,1,10,3,0,both_recoverable
D3T-C-L3-I11,numeric_tolerance,3,5,6,1,111111000,True,9,9,1,1,18.5,recoverable,7.75,-10.75,[4],[6],9,1,1,6,0,1,1,10,3,1,1,43.687500417232513,recoverable,21.000000149011612,-22.687500268220901,[4],[8],9,1,1,6,0,1,1,10,3,0,both_recoverable
D3T-C-L4-I00,numeric_tolerance,4,4,5,1,111110000,True,9,9,1,1,1,recoverable,26.125,25.125,[1],[5],6,0.66666666666666663,0,8,3,1,1,9,4,1,1,41.937498989515007,recoverable,20.37499990593642,-21.562499083578587,[0],[7],9,1,1,5,0,1,1,10,4,0,both_recoverable
D3T-C-L4-I01,numeric_tolerance,4,4,5,1,111110000,True,9,9,0,0,-6.5,strict_inversion,-15.5,-9,[3],[5],8,0.88888888888888884,0,3,2,0,0,10,,1,1,43.749999444698915,recoverable,21.499999563442543,-22.249999881256372,[3],[5],9,1,1,5,0,1,1,10,4,1,gained_recoverability
D3T-C-L4-I02,numeric_tolerance,4,4,5,1,111110000,True,9,9,0,0,-2.625,strict_inversion,18.75,21.375,[3],[5],7,0.77777777777777779,0,7,2,0,0,8,,1,1,44.250000664964318,recoverable,21.625000612810254,-22.625000052154064,[2],[8],9,1,1,5,0,1,1,10,4,1,gained_recoverability
D3T-C-L4-I03,numeric_tolerance,4,4,5,1,111110000,True,9,9,1,1,12.75,recoverable,6.25,-6.5,[4],[5],9,1,1,5,0,1,1,10,4,1,1,43.375001118285581,recoverable,21.812500605359674,-21.562500512925908,[4],[5],9,1,1,5,0,1,1,10,4,0,both_recoverable
D3T-C-L4-I04,numeric_tolerance,4,4,5,1,111110000,True,9,9,1,1,9,recoverable,11.25,2.25,[3],[5],8,0.88888888888888884,0,6,1,1,1,10,4,1,1,42.875000752042979,recoverable,20.874999929219484,-22.000000822823495,[3],[5],9,1,1,5,0,1,1,10,4,0,both_recoverable
D3T-C-L4-I05,numeric_tolerance,4,4,5,1,111110000,True,9,9,1,1,2,recoverable,21.625,19.625,[4],[5],7,0.77777777777777779,0,7,2,1,1,8,4,1,1,42.562499682884663,recoverable,20.750000149011612,-21.812499533873051,[1],[6],9,1,1,5,0,1,1,10,4,0,both_recoverable
D3T-C-L4-I06,numeric_tolerance,4,4,5,1,111110000,True,9,9,1,1,1,recoverable,27.875,26.875,[3],[5],7,0.77777777777777779,0,7,2,1,1,10,4,1,1,44.437500864267349,recoverable,22.250000104308128,-22.187500759959221,[2],[7],9,1,1,5,0,1,1,10,4,0,both_recoverable
D3T-C-L4-I07,numeric_tolerance,4,4,5,1,111110000,True,9,9,1,1,1.75,recoverable,-28.125,-29.875,[3],[5],4,0.44444444444444442,0,0,5,1,1,10,4,1,1,43.18749972153455,recoverable,21.125000546686351,-22.062499174848199,[3],[5],9,1,1,5,0,1,1,10,4,0,both_recoverable
D3T-C-L4-I08,numeric_tolerance,4,4,5,1,111110000,True,9,9,1,1,1.75,recoverable,26.25,24.5,[0],[5],7,0.77777777777777779,0,7,2,1,1,10,4,1,1,43.250000957865268,recoverable,20.937500235624611,-22.312500722240657,[0],[6],9,1,1,5,0,1,1,10,4,0,both_recoverable
D3T-C-L4-I09,numeric_tolerance,4,4,5,1,111110000,True,9,9,1,1,0.25,recoverable,26.625,26.375,[4],[5],7,0.77777777777777779,0,7,2,1,1,8,4,1,1,43.937499182764441,recoverable,21.437499756459147,-22.499999426305294,[4],[5],9,1,1,5,0,1,1,10,4,0,both_recoverable
D3T-C-L4-I10,numeric_tolerance,4,4,5,1,111110000,True,9,9,1,1,9.75,recoverable,18.5,8.75,"[2, 3]",[5],7,0.77777777777777779,0,7,2,1,1,8,4,1,1,43.687499968800694,recoverable,21.124999973457307,-22.562499995343387,[3],[8],9,1,1,5,0,1,1,10,4,0,both_recoverable
D3T-C-L4-I11,numeric_tolerance,4,4,5,1,111110000,True,9,9,1,1,2.25,recoverable,-9,-11.25,[3],[5],7,0.77777777777777779,0,3,2,1,1,10,4,1,1,42.562500932719558,recoverable,19.937500848434865,-22.625000084284693,[3],[5],9,1,1,5,0,1,1,10,4,0,both_recoverable
D3T-C-L5-I00,numeric_tolerance,5,3,4,1,111100000,True,9,9,1,1,0.125,recoverable,24.5,24.375,"[1, 3]",[4],6,0.66666666666666663,0,7,3,1,1,9,5,1,1,43.624999870546162,recoverable,21.062500729225576,-22.562499141320586,[0],[5],9,1,1,4,0,1,1,10,5,0,both_recoverable
D3T-C-L5-I01,numeric_tolerance,5,3,4,1,111100000,True,9,9,1,1,1,recoverable,-9,-10,[2],[4],7,0.77777777777777779,0,2,2,1,1,10,5,1,1,43.000000988366082,recoverable,21.125000864267349,-21.875000124098733,[2],[8],9,1,1,4,0,1,1,10,5,0,both_recoverable
D3T-C-L5-I02,numeric_tolerance,5,3,4,1,111100000,True,9,9,0,0,-1.125,strict_inversion,22.75,23.875,[2],[4],6,0.66666666666666663,0,7,3,0,0,10,,1,1,43.749999834224582,recoverable,21.874999177642167,-21.875000656582415,[0],[4],9,1,1,4,0,1,1,10,5,1,gained_recoverability
D3T-C-L5-I03,numeric_tolerance,5,3,4,1,111100000,True,9,9,1,1,5,recoverable,16,11,[0],[4],7,0.77777777777777779,0,6,2,1,1,10,5,1,1,42.625000212341547,recoverable,20.062499899417162,-22.562500312924385,[0],[5],9,1,1,4,0,1,1,10,5,0,both_recoverable
D3T-C-L5-I04,numeric_tolerance,5,3,4,1,111100000,True,9,9,1,1,0.125,recoverable,25.5,25.375,[0],[5],6,0.66666666666666663,0,7,3,1,1,10,5,1,1,42.187498674029484,recoverable,20.062499271705747,-22.124999402323738,[1],[4],9,1,1,4,0,1,1,10,5,0,both_recoverable
D3T-C-L5-I05,numeric_tolerance,5,3,4,1,111100000,True,9,9,1,1,5.375,recoverable,-21.5,-26.875,[3],[4],5,0.55555555555555558,0,0,4,1,1,10,5,1,1,45.187500635161996,recoverable,22.499999778810889,-22.687500856351107,[3],[6],9,1,1,4,0,1,1,10,5,0,both_recoverable
D3T-C-L5-I06,numeric_tolerance,5,3,4,1,111100000,True,9,9,1,1,1.125,recoverable,25.25,24.125,[1],[4],6,0.66666666666666663,0,7,3,1,1,10,5,1,1,43.687499164603651,recoverable,21.499999220483005,-22.187499944120646,[1],[4],9,1,1,4,0,1,1,10,5,0,both_recoverable
D3T-C-L5-I07,numeric_tolerance,5,3,4,1,111100000,True,9,9,1,1,1,recoverable,-11.5,-12.5,[3],[4],6,0.66666666666666663,0,1,3,1,1,10,5,1,1,43.562499090563506,recoverable,21.0624994430691,-22.499999647494406,[0],[4],9,1,1,4,0,1,1,10,5,0,both_recoverable
D3T-C-L5-I08,numeric_tolerance,5,3,4,1,111100000,True,9,9,0,0,-2.875,strict_inversion,21.375,24.25,[1],[4],6,0.66666666666666663,0,7,3,0,0,10,,1,1,42.437498724088073,recoverable,20.312499502673745,-22.124999221414328,[2],[5],9,1,1,4,0,1,1,10,5,1,gained_recoverability
D3T-C-L5-I09,numeric_tolerance,5,3,4,1,111100000,True,9,9,1,1,0.875,recoverable,-23.625,-24.5,[3],[4],6,0.66666666666666663,0,1,3,1,1,10,5,1,1,42.500000823289156,recoverable,20.000000948086381,-22.499999875202775,[0],[6],9,1,1,4,0,1,1,10,5,0,both_recoverable
D3T-C-L5-I10,numeric_tolerance,5,3,4,1,111100000,True,9,9,0,0,-5,strict_inversion,10.25,15.25,[3],[4],8,0.88888888888888884,0,5,1,0,0,9,,1,1,42.312500169500709,recoverable,20.500000268220901,-21.812499901279807,[0],[8],9,1,1,4,0,1,1,10,5,1,gained_recoverability
D3T-C-L5-I11,numeric_tolerance,5,3,4,1,111100000,True,9,9,1,1,3.375,recoverable,-17.75,-21.125,[3],[4],5,0.55555555555555558,0,0,4,1,1,10,5,1,1,43.812501666834578,recoverable,21.312500780448318,-22.50000088638626,[0],[7],9,1,1,4,0,1,1,10,5,0,both_recoverable
D3T-C-L6-I00,numeric_tolerance,6,2,3,1,111000000,True,9,9,0,0,-0.75,strict_inversion,9.5,10.25,[2],[3],8,0.88888888888888884,0,4,1,0,0,10,,1,1,42.312501430278644,recoverable,20.375000787898898,-21.937500642379746,[0],[4],9,1,1,3,0,1,1,10,6,1,gained_recoverability
D3T-C-L6-I01,numeric_tolerance,6,2,3,1,111000000,True,9,9,1,1,8.375,recoverable,-18.25,-26.625,[2],[3],6,0.66666666666666663,0,0,3,1,1,10,6,1,1,41.125000200001523,recoverable,19.500000614672899,-21.624999585328624,[1],[5],9,1,1,3,0,1,1,10,6,0,both_recoverable
D3T-C-L6-I02,numeric_tolerance,6,2,3,1,111000000,True,9,9,1,1,1.375,recoverable,24.875,23.5,[1],[4],5,0.55555555555555558,0,7,4,1,1,10,6,1,1,43.187500712927431,recoverable,21.187500646803528,-22.000000066123903,[2],[6],9,1,1,3,0,1,1,10,6,0,both_recoverable
D3T-C-L6-I03,numeric_tolerance,6,2,3,1,111000000,True,9,9,1,1,3.75,recoverable,-26.125,-29.875,[2],[4],6,0.66666666666666663,0,0,3,1,1,10,6,1,1,42.874999323859811,recoverable,21.24999972153455,-21.624999602325261,[0],[7],9,1,1,3,0,1,1,10,6,0,both_recoverable
D3T-C-L6-I04,numeric_tolerance,6,2,3,1,111000000,True,9,9,1,1,2.75,recoverable,23.25,20.5,[2],[3],6,0.66666666666666663,0,6,3,1,1,10,6,1,1,43.249999593477696,recoverable,20.749999463558197,-22.500000129919499,[0],[3],9,1,1,3,0,1,1,10,6,0,both_recoverable
D3T-C-L6-I05,numeric_tolerance,6,2,3,1,111000000,True,9,9,1,1,10.5,recoverable,-1,-11.5,[2],[3],8,0.88888888888888884,0,2,1,1,1,10,6,1,1,42.249999403953552,recoverable,20.312499219551682,-21.93750018440187,[2],[3],9,1,1,3,0,1,1,10,6,0,both_recoverable
D3T-C-L6-I06,numeric_tolerance,6,2,3,1,111000000,True,9,9,1,1,0.25,recoverable,12.75,12.5,[2],[4],7,0.77777777777777779,0,5,2,1,1,10,6,1,1,39.312500638887286,recoverable,17.875000759959221,-21.437499878928065,[2],[4],9,1,1,3,0,1,1,10,6,0,both_recoverable
D3T-C-L6-I07,numeric_tolerance,6,2,3,1,111000000,True,9,9,1,1,1.25,recoverable,-12.25,-13.5,[2],[4],6,0.66666666666666663,0,0,3,1,1,10,6,1,1,42.499998646555468,recoverable,21.187499354360625,-21.312499292194843,[2],[5],9,1,1,3,0,1,1,10,6,0,both_recoverable
D3T-C-L6-I08,numeric_tolerance,6,2,3,1,111000000,True,9,9,1,1,5.375,recoverable,21.875,16.5,[1],[3],6,0.66666666666666663,0,6,3,1,1,10,6,1,1,43.124998448416591,recoverable,21.624999074265361,-21.49999937415123,[1],[5],9,1,1,3,0,1,1,10,6,0,both_recoverable
D3T-C-L6-I09,numeric_tolerance,6,2,3,1,111000000,True,9,9,1,1,10.75,recoverable,0.25,-10.5,[2],[4],9,1,1,3,0,1,1,10,6,1,1,42.374999575316906,recoverable,19.937499141320586,-22.43750043399632,[1],[3],9,1,1,3,0,1,1,10,6,0,both_recoverable
D3T-C-L6-I10,numeric_tolerance,6,2,3,1,111000000,True,9,9,1,1,3.875,recoverable,22.625,18.75,[1],[4],5,0.55555555555555558,0,7,4,1,1,10,6,1,1,41.187500626780093,recoverable,19.437499795109034,-21.750000831671059,[2],[3],9,1,1,3,0,1,1,10,6,0,both_recoverable
D3T-C-L6-I11,numeric_tolerance,6,2,3,1,111000000,True,9,9,1,1,3.625,recoverable,-25.375,-29,[2],"[3, 5]",6,0.66666666666666663,0,0,3,1,1,8,4,1,1,43.500001286156476,recoverable,21.062500745989382,-22.437500540167093,[2],[4],9,1,1,3,0,1,1,10,6,0,both_recoverable
D3T-C-L7-I00,numeric_tolerance,7,1,2,1,110000000,True,9,9,0,0,-1.5,strict_inversion,-10.75,-9.25,[1],[2],7,0.77777777777777779,0,0,2,0,0,10,,1,1,43.124999864026904,recoverable,21.374999649822712,-21.750000214204192,[0],[6],9,1,1,2,0,1,1,10,7,1,gained_recoverability
D3T-C-L7-I01,numeric_tolerance,7,1,2,1,110000000,True,9,9,0,1,-0.625,strict_inversion,-19.875,-19.25,[0],[3],7,0.77777777777777779,0,0,2,0,1,10,,1,1,43.312499658204615,recoverable,21.874999474734068,-21.437500183470547,[0],[2],9,1,1,2,0,1,1,10,7,1,gained_recoverability
D3T-C-L7-I02,numeric_tolerance,7,1,2,1,110000000,True,9,9,0,0,-5.25,strict_inversion,-7.25,-2,[0],[2],7,0.77777777777777779,0,0,2,0,0,10,,1,1,41.937500836793333,recoverable,20.125000873580575,-21.812499963212758,[0],[2],9,1,1,2,0,1,1,10,7,1,gained_recoverability
D3T-C-L7-I03,numeric_tolerance,7,1,2,1,110000000,True,9,9,1,1,0.5,recoverable,21.25,20.75,[1],[4],6,0.66666666666666663,0,5,3,1,1,10,7,1,1,44.062500467058271,recoverable,21.937499574385583,-22.125000892672688,[0],[2],9,1,1,2,0,1,1,10,7,0,both_recoverable
D3T-C-L7-I04,numeric_tolerance,7,1,2,1,110000000,True,9,9,0,0,-2.25,strict_inversion,22,24.25,[0],[2],4,0.44444444444444442,0,7,5,0,0,10,,1,1,42.062499966472387,recoverable,21.31249975413084,-20.750000212341547,[0],[5],9,1,1,2,0,1,1,10,7,1,gained_recoverability
D3T-C-L7-I05,numeric_tolerance,7,1,2,1,110000000,True,9,9,1,1,2.75,recoverable,10.5,7.75,[0],[2],8,0.88888888888888884,0,3,1,1,1,10,7,1,1,43.875000380910933,recoverable,21.687500351108611,-22.187500029802322,[1],[5],9,1,1,2,0,1,1,10,7,0,both_recoverable
D3T-C-L7-I06,numeric_tolerance,7,1,2,1,110000000,True,9,9,0,0,-12.75,strict_inversion,-11,1.75,[0],[2],6,0.66666666666666663,0,0,2,0,0,10,,1,1,42.500001267064363,recoverable,21.06250093691051,-21.437500330153853,[0],[2],9,1,1,2,0,1,1,10,7,1,gained_recoverability
D3T-C-L7-I07,numeric_tolerance,7,1,2,1,110000000,True,9,9,1,1,3.5,recoverable,0,-3.5,[0],[2],9,1,1,2,0,1,1,10,7,1,1,43.187500244937837,recoverable,21.749999737367034,-21.437500507570803,[0],[6],9,1,1,2,0,1,1,10,7,0,both_recoverable
D3T-C-L7-I08,numeric_tolerance,7,1,2,1,110000000,True,9,9,1,1,9.125,recoverable,28.625,19.5,[0],[4],4,0.44444444444444442,0,7,5,1,1,10,7,1,1,42.250000586267561,recoverable,20.937500219792128,-21.312500366475433,[1],[7],9,1,1,2,0,1,1,10,7,0,both_recoverable
D3T-C-L7-I09,numeric_tolerance,7,1,2,1,110000000,True,9,9,1,1,0.75,recoverable,-27.5,-28.25,[1],[2],7,0.77777777777777779,0,0,2,1,1,9,6,1,1,42.750000030733645,recoverable,21.437500620260835,-21.31249941047281,[1],[2],9,1,1,2,0,1,1,10,7,0,both_recoverable
D3T-C-L7-I10,numeric_tolerance,7,1,2,1,110000000,True,9,9,0,0,-3.75,strict_inversion,11.25,15,[0],[2],6,0.66666666666666663,0,5,3,0,0,10,,1,1,43.74999862909317,recoverable,21.437499170191586,-22.312499458901584,[0],[3],9,1,1,2,0,1,1,10,7,1,gained_recoverability
D3T-C-L7-I11,numeric_tolerance,7,1,2,1,110000000,True,9,9,0,0,0,exact_tie,0.5,0.5,[0],[2],8,0.88888888888888884,0,3,1,0,0,9,,1,1,43.187498559476808,recoverable,20.749999416992068,-22.437499142484739,[1],[2],9,1,1,2,0,1,1,10,7,1,gained_recoverability
D3T-C-L8-I00,numeric_tolerance,8,0,1,1,100000000,True,9,9,1,1,16.125,recoverable,23.125,7,[0],"[2, 4]",6,0.66666666666666663,0,3,2,1,1,9,7,1,1,43.749999494757503,recoverable,22.250000225380063,-21.49999926937744,[0],[1],9,1,1,1,0,1,1,10,8,0,both_recoverable
D3T-C-L8-I01,numeric_tolerance,8,0,1,1,100000000,True,9,9,1,1,1,recoverable,17.75,16.75,[0],[1],6,0.66666666666666663,0,3,2,1,1,10,8,1,1,42.937499046791345,recoverable,20.937499842606485,-21.99999920418486,[0],[1],9,1,1,1,0,1,1,10,8,0,both_recoverable
D3T-C-L8-I02,numeric_tolerance,8,0,1,1,100000000,True,9,9,0,1,-2.25,strict_inversion,10,12.25,[0],[2],7,0.77777777777777779,0,3,2,0,1,10,,1,1,42.562500114552677,recoverable,20.500000529456884,-22.062499585095793,[0],[5],9,1,1,1,0,1,1,10,8,1,gained_recoverability
D3T-C-L8-I03,numeric_tolerance,8,0,1,1,100000000,True,9,9,1,1,3.75,recoverable,21,17.25,[0],[1],5,0.55555555555555558,0,5,4,1,1,10,8,1,1,42.937498843530193,recoverable,20.562499780440703,-22.37499906308949,[0],[7],9,1,1,1,0,1,1,10,8,0,both_recoverable
D3T-C-L8-I04,numeric_tolerance,8,0,1,1,100000000,True,9,9,1,1,1.25,recoverable,-1.5,-2.75,[0],[2],8,0.88888888888888884,0,0,1,1,1,10,8,1,1,43.499999966938049,recoverable,20.812499765772372,-22.687500201165676,[0],[5],9,1,1,1,0,1,1,10,8,0,both_recoverable
D3T-C-L8-I05,numeric_tolerance,8,0,1,1,100000000,True,9,9,1,1,12.25,recoverable,7,-5.25,[0],[2],9,1,1,1,0,1,1,10,8,1,1,41.937498387880623,recoverable,20.749999185558408,-21.187499202322215,[0],[1],9,1,1,1,0,1,1,10,8,0,both_recoverable
D3T-C-L8-I06,numeric_tolerance,8,0,1,1,100000000,True,9,9,1,1,0.5,recoverable,14.25,13.75,[0],[2],6,0.66666666666666663,0,3,2,1,1,10,8,1,1,43.375000173225999,recoverable,21.625000877305865,-21.749999295920134,[0],[5],9,1,1,1,0,1,1,10,8,0,both_recoverable
D3T-C-L8-I07,numeric_tolerance,8,0,1,1,100000000,True,9,9,0,0,-5.25,strict_inversion,-28.125,-22.875,[0],[2],8,0.88888888888888884,0,0,1,0,0,10,,1,1,43.937501120381057,recoverable,21.687500684056431,-22.250000436324626,[0],[5],9,1,1,1,0,1,1,10,8,1,gained_recoverability
D3T-C-L8-I08,numeric_tolerance,8,0,1,1,100000000,True,9,9,0,0,-5.5,strict_inversion,17.25,22.75,[0],[1],7,0.77777777777777779,0,3,2,0,0,10,,1,1,41.687500417698175,recoverable,20.312500144354999,-21.375000273343176,[0],[1],9,1,1,1,0,1,1,10,8,1,gained_recoverability
D3T-C-L8-I09,numeric_tolerance,8,0,1,1,100000000,True,9,9,1,1,0.75,recoverable,24,23.25,[0],[1],5,0.55555555555555558,0,5,4,1,1,10,8,1,1,41.999999924562871,recoverable,20.437500034458935,-21.562499890103936,[0],[4],9,1,1,1,0,1,1,10,8,0,both_recoverable
D3T-C-L8-I10,numeric_tolerance,8,0,1,1,100000000,True,9,9,1,1,0.5,recoverable,-3,-3.5,[0],[2],8,0.88888888888888884,0,0,1,1,1,10,8,1,1,42.562499807681888,recoverable,20.812500673346221,-21.749999134335667,[0],[1],9,1,1,1,0,1,1,10,8,0,both_recoverable
D3T-C-L8-I11,numeric_tolerance,8,0,1,1,100000000,True,9,9,1,1,3.25,recoverable,-8,-11.25,[0],[1],8,0.88888888888888884,0,0,1,1,1,10,8,1,1,43.999999077059329,recoverable,21.499999438412488,-22.499999638646841,[0],[2],9,1,1,1,0,1,1,10,8,0,both_recoverable
