condition,eval_domain,subset,contrast,n_tasks,estimate,ci_low,ci_high,replicates,population_key,replicate_array,units
explicit_bare,k0_8,all,immediate_learned_minus_raw_accuracy,77,0.00288600288600288,-0.03751803751803752,0.04184704184704185,5000,p_5fd6e0b7ce5f,explicit_bare_k0_8_all,proportion
explicit_bare,k0_8,all,immediate_learned_minus_raw_sequence_correct,77,-0.025974025974025976,-0.11688311688311688,0.06493506493506493,5000,p_5fd6e0b7ce5f,explicit_bare_k0_8_all,proportion
explicit_bare,k0_8,all,immediate_raw_minus_learned_errors,77,0.025974025974025976,-0.33766233766233766,0.37662337662337664,5000,p_5fd6e0b7ce5f,explicit_bare_k0_8_all,errors_per_task
explicit_bare,k0_8,all,immediate_learned_minus_oracle_errors,77,2.2857142857142856,1.6883116883116882,2.935064935064935,5000,p_5fd6e0b7ce5f,explicit_bare_k0_8_all,errors_per_task
explicit_bare,k0_8,all,rts_learned_minus_raw_accuracy,77,-0.018759018759018756,-0.03463203463203464,-0.002886002886002886,5000,p_5fd6e0b7ce5f,explicit_bare_k0_8_all,proportion
explicit_bare,k0_8,all,rts_learned_minus_raw_sequence_correct,77,-0.025974025974025976,-0.06493506493506493,0.0,5000,p_5fd6e0b7ce5f,explicit_bare_k0_8_all,proportion
explicit_bare,k0_8,all,rts_raw_minus_learned_errors,77,-0.16883116883116883,-0.3116883116883117,-0.025974025974025976,5000,p_5fd6e0b7ce5f,explicit_bare_k0_8_all,errors_per_task
explicit_bare,k0_8,all,rts_learned_minus_oracle_errors,77,1.8181818181818181,1.3243506493506494,2.3376623376623376,5000,p_5fd6e0b7ce5f,explicit_bare_k0_8_all,errors_per_task
explicit_bare,k0_8,all,rts_minus_immediate_learned_accuracy,77,0.008658008658008658,-0.04040404040404041,0.06060606060606061,5000,p_5fd6e0b7ce5f,explicit_bare_k0_8_all,proportion
explicit_bare,k0_8,all,rts_minus_immediate_oracle_minimum_errors,77,0.38961038961038963,0.23376623376623376,0.5454545454545454,5000,p_5fd6e0b7ce5f,explicit_bare_k0_8_all,errors_per_task
explicit_bare_versus_primary_same_tasks,k0_8,all,immediate_raw_sensitivity_minus_primary_accuracy,77,1.2976632755358972e-17,-0.053391053391053385,0.05339105339105337,5000,p_5fd6e0b7ce5f,explicit_bare_versus_primary_all,proportion
explicit_bare_versus_primary_same_tasks,k0_8,all,immediate_learned_sensitivity_minus_primary_accuracy,77,0.01298701298701299,-0.036075036075036065,0.06349206349206346,5000,p_5fd6e0b7ce5f,explicit_bare_versus_primary_all,proportion
explicit_bare_versus_primary_same_tasks,k0_8,all,immediate_oracle_sensitivity_minus_primary_accuracy,77,0.040404040404040414,0.021645021645021655,0.05772005772005772,5000,p_5fd6e0b7ce5f,explicit_bare_versus_primary_all,proportion
explicit_bare_versus_primary_same_tasks,k0_8,all,rts_raw_sensitivity_minus_primary_accuracy,77,-0.024531024531024532,-0.0663780663780664,0.0202020202020202,5000,p_5fd6e0b7ce5f,explicit_bare_versus_primary_all,proportion
explicit_bare_versus_primary_same_tasks,k0_8,all,rts_learned_sensitivity_minus_primary_accuracy,77,-0.05050505050505051,-0.09812409812409811,-0.0028860028860028908,5000,p_5fd6e0b7ce5f,explicit_bare_versus_primary_all,proportion
explicit_bare_versus_primary_same_tasks,k0_8,all,rts_oracle_sensitivity_minus_primary_accuracy,77,0.005772005772005775,-0.008658008658008651,0.01875901875901876,5000,p_5fd6e0b7ce5f,explicit_bare_versus_primary_all,proportion
explicit_bare,k0_8,partial,immediate_learned_minus_raw_accuracy,23,0.04347826086956521,-0.00966183574879227,0.10628019323671496,5000,p_4ef38ea9f428,explicit_bare_k0_8_partial,proportion
explicit_bare,k0_8,partial,immediate_learned_minus_raw_sequence_correct,23,0.08695652173913043,-0.08695652173913043,0.2608695652173913,5000,p_4ef38ea9f428,explicit_bare_k0_8_partial,proportion
explicit_bare,k0_8,partial,immediate_raw_minus_learned_errors,23,0.391304347826087,-0.08695652173913043,0.9565217391304348,5000,p_4ef38ea9f428,explicit_bare_k0_8_partial,errors_per_task
explicit_bare,k0_8,partial,immediate_learned_minus_oracle_errors,23,2.608695652173913,1.608695652173913,3.652173913043478,5000,p_4ef38ea9f428,explicit_bare_k0_8_partial,errors_per_task
explicit_bare,k0_8,partial,rts_learned_minus_raw_accuracy,23,-0.033816425120772944,-0.0676328502415459,-0.004830917874396132,5000,p_4ef38ea9f428,explicit_bare_k0_8_partial,proportion
explicit_bare,k0_8,partial,rts_learned_minus_raw_sequence_correct,23,0.0,0.0,0.0,5000,p_4ef38ea9f428,explicit_bare_k0_8_partial,proportion
explicit_bare,k0_8,partial,rts_raw_minus_learned_errors,23,-0.30434782608695654,-0.6086956521739131,-0.043478260869565216,5000,p_4ef38ea9f428,explicit_bare_k0_8_partial,errors_per_task
explicit_bare,k0_8,partial,rts_learned_minus_oracle_errors,23,2.3043478260869565,1.4782608695652173,3.1749999999999843,5000,p_4ef38ea9f428,explicit_bare_k0_8_partial,errors_per_task
explicit_bare,k0_8,partial,rts_minus_immediate_learned_accuracy,23,-0.05797101449275362,-0.1497584541062802,0.019323671497584537,5000,p_4ef38ea9f428,explicit_bare_k0_8_partial,proportion
explicit_bare,k0_8,partial,rts_minus_immediate_oracle_minimum_errors,23,0.8260869565217391,0.391304347826087,1.2173913043478262,5000,p_4ef38ea9f428,explicit_bare_k0_8_partial,errors_per_task
explicit_bare_versus_primary_same_tasks,k0_8,partial,immediate_raw_sensitivity_minus_primary_accuracy,23,0.03864734299516908,-0.03381642512077293,0.10144927536231885,5000,p_4ef38ea9f428,explicit_bare_versus_primary_partial,proportion
explicit_bare_versus_primary_same_tasks,k0_8,partial,immediate_learned_sensitivity_minus_primary_accuracy,23,0.10628019323671499,0.06280193236714977,0.15942028985507245,5000,p_4ef38ea9f428,explicit_bare_versus_primary_partial,proportion
explicit_bare_versus_primary_same_tasks,k0_8,partial,immediate_oracle_sensitivity_minus_primary_accuracy,23,0.03864734299516908,-0.014492753623188392,0.08695652173913046,5000,p_4ef38ea9f428,explicit_bare_versus_primary_partial,proportion
explicit_bare_versus_primary_same_tasks,k0_8,partial,rts_raw_sensitivity_minus_primary_accuracy,23,-0.07729468599033815,-0.1642512077294686,0.0,5000,p_4ef38ea9f428,explicit_bare_versus_primary_partial,proportion
explicit_bare_versus_primary_same_tasks,k0_8,partial,rts_learned_sensitivity_minus_primary_accuracy,23,-0.12560386473429952,-0.2222222222222222,-0.03864734299516908,5000,p_4ef38ea9f428,explicit_bare_versus_primary_partial,proportion
explicit_bare_versus_primary_same_tasks,k0_8,partial,rts_oracle_sensitivity_minus_primary_accuracy,23,0.004830917874396138,-0.03381642512077295,0.043478260869565216,5000,p_4ef38ea9f428,explicit_bare_versus_primary_partial,proportion
original_bare,k0_8,all,immediate_learned_minus_raw_accuracy,79,-0.009845288326300983,-0.02390998593530239,0.0,5000,p_ae2b966a2399,original_bare_k0_8_all,proportion
original_bare,k0_8,all,immediate_learned_minus_raw_sequence_correct,79,0.0,0.0,0.0,5000,p_ae2b966a2399,original_bare_k0_8_all,proportion
original_bare,k0_8,all,immediate_raw_minus_learned_errors,79,-0.08860759493670886,-0.21518987341772153,0.0,5000,p_ae2b966a2399,original_bare_k0_8_all,errors_per_task
original_bare,k0_8,all,immediate_learned_minus_oracle_errors,79,1.9873417721518987,1.3924050632911393,2.632911392405063,5000,p_ae2b966a2399,original_bare_k0_8_all,errors_per_task
original_bare,k0_8,all,rts_learned_minus_raw_accuracy,79,0.008438818565400845,-0.0070323488045007,0.025316455696202524,5000,p_ae2b966a2399,original_bare_k0_8_all,proportion
original_bare,k0_8,all,rts_learned_minus_raw_sequence_correct,79,0.02531645569620253,0.0,0.06329113924050633,5000,p_ae2b966a2399,original_bare_k0_8_all,proportion
original_bare,k0_8,all,rts_raw_minus_learned_errors,79,0.0759493670886076,-0.06329113924050633,0.22784810126582278,5000,p_ae2b966a2399,original_bare_k0_8_all,errors_per_task
original_bare,k0_8,all,rts_learned_minus_oracle_errors,79,1.3037974683544304,0.8354430379746836,1.8354430379746836,5000,p_ae2b966a2399,original_bare_k0_8_all,errors_per_task
original_bare,k0_8,all,rts_minus_immediate_learned_accuracy,79,0.06751054852320677,0.014064697609001418,0.12236286919831221,5000,p_ae2b966a2399,original_bare_k0_8_all,proportion
original_bare,k0_8,all,rts_minus_immediate_oracle_minimum_errors,79,0.0759493670886076,-0.0759493670886076,0.24050632911392406,5000,p_ae2b966a2399,original_bare_k0_8_all,errors_per_task
original_bare,k0_8,partial,immediate_learned_minus_raw_accuracy,23,-0.024154589371980673,-0.06763285024154589,0.0,5000,p_4ef38ea9f428,original_bare_k0_8_partial,proportion
original_bare,k0_8,partial,immediate_learned_minus_raw_sequence_correct,23,0.0,0.0,0.0,5000,p_4ef38ea9f428,original_bare_k0_8_partial,proportion
original_bare,k0_8,partial,immediate_raw_minus_learned_errors,23,-0.21739130434782608,-0.6086956521739131,0.0,5000,p_4ef38ea9f428,original_bare_k0_8_partial,errors_per_task
original_bare,k0_8,partial,immediate_learned_minus_oracle_errors,23,3.217391304347826,2.1739130434782608,4.260869565217392,5000,p_4ef38ea9f428,original_bare_k0_8_partial,errors_per_task
original_bare,k0_8,partial,rts_learned_minus_raw_accuracy,23,0.01449275362318841,-0.033816425120772944,0.05797101449275364,5000,p_4ef38ea9f428,original_bare_k0_8_partial,proportion
original_bare,k0_8,partial,rts_learned_minus_raw_sequence_correct,23,0.0,0.0,0.0,5000,p_4ef38ea9f428,original_bare_k0_8_partial,proportion
original_bare,k0_8,partial,rts_raw_minus_learned_errors,23,0.13043478260869565,-0.30434782608695654,0.5217391304347826,5000,p_4ef38ea9f428,original_bare_k0_8_partial,errors_per_task
original_bare,k0_8,partial,rts_learned_minus_oracle_errors,23,1.1304347826086956,0.5217391304347826,1.7826086956521738,5000,p_4ef38ea9f428,original_bare_k0_8_partial,errors_per_task
original_bare,k0_8,partial,rts_minus_immediate_learned_accuracy,23,0.17391304347826086,0.09178743961352658,0.2560386473429952,5000,p_4ef38ea9f428,original_bare_k0_8_partial,proportion
original_bare,k0_8,partial,rts_minus_immediate_oracle_minimum_errors,23,0.5217391304347826,0.08695652173913043,0.9565217391304348,5000,p_4ef38ea9f428,original_bare_k0_8_partial,errors_per_task
original_bare,k1_8,all,immediate_learned_minus_raw_accuracy,79,-0.012658227848101266,-0.030063291139240507,0.0,5000,p_ae2b966a2399,original_bare_k1_8_all,proportion
original_bare,k1_8,all,immediate_learned_minus_raw_sequence_correct,79,0.0,0.0,0.0,5000,p_ae2b966a2399,original_bare_k1_8_all,proportion
original_bare,k1_8,all,immediate_raw_minus_learned_errors,79,-0.10126582278481013,-0.24050632911392406,0.0,5000,p_ae2b966a2399,original_bare_k1_8_all,errors_per_task
original_bare,k1_8,all,immediate_learned_minus_oracle_errors,79,1.8734177215189873,1.240506329113924,2.5443037974683542,5000,p_ae2b966a2399,original_bare_k1_8_all,errors_per_task
original_bare,k1_8,all,rts_learned_minus_raw_accuracy,79,-0.007911392405063292,-0.022151898734177215,0.006329113924050633,5000,p_ae2b966a2399,original_bare_k1_8_all,proportion
original_bare,k1_8,all,rts_learned_minus_raw_sequence_correct,79,-0.02531645569620253,-0.06329113924050633,0.0,5000,p_ae2b966a2399,original_bare_k1_8_all,proportion
original_bare,k1_8,all,rts_raw_minus_learned_errors,79,-0.06329113924050633,-0.17721518987341772,0.05063291139240506,5000,p_ae2b966a2399,original_bare_k1_8_all,errors_per_task
original_bare,k1_8,all,rts_learned_minus_oracle_errors,79,1.4936708860759493,0.9493670886075949,2.1012658227848102,5000,p_ae2b966a2399,original_bare_k1_8_all,errors_per_task
original_bare,k1_8,all,rts_minus_immediate_learned_accuracy,79,0.020569620253164556,-0.03955696202531646,0.08069620253164557,5000,p_ae2b966a2399,original_bare_k1_8_all,proportion
original_bare,k1_8,all,rts_minus_immediate_oracle_minimum_errors,79,0.189873417721519,0.06329113924050633,0.3291139240506329,5000,p_ae2b966a2399,original_bare_k1_8_all,errors_per_task
original_bare,k1_8,partial,immediate_learned_minus_raw_accuracy,23,-0.02717391304347826,-0.07608695652173914,0.0,5000,p_4ef38ea9f428,original_bare_k1_8_partial,proportion
original_bare,k1_8,partial,immediate_learned_minus_raw_sequence_correct,23,0.0,0.0,0.0,5000,p_4ef38ea9f428,original_bare_k1_8_partial,proportion
original_bare,k1_8,partial,immediate_raw_minus_learned_errors,23,-0.21739130434782608,-0.6086956521739131,0.0,5000,p_4ef38ea9f428,original_bare_k1_8_partial,errors_per_task
original_bare,k1_8,partial,immediate_learned_minus_oracle_errors,23,3.0,2.0,4.0,5000,p_4ef38ea9f428,original_bare_k1_8_partial,errors_per_task
original_bare,k1_8,partial,rts_learned_minus_raw_accuracy,23,-0.005434782608695652,-0.04891304347826087,0.03260869565217391,5000,p_4ef38ea9f428,original_bare_k1_8_partial,proportion
original_bare,k1_8,partial,rts_learned_minus_raw_sequence_correct,23,0.0,0.0,0.0,5000,p_4ef38ea9f428,original_bare_k1_8_partial,proportion
original_bare,k1_8,partial,rts_raw_minus_learned_errors,23,-0.043478260869565216,-0.391304347826087,0.2608695652173913,5000,p_4ef38ea9f428,original_bare_k1_8_partial,errors_per_task
original_bare,k1_8,partial,rts_learned_minus_oracle_errors,23,1.3043478260869565,0.6086956521739131,2.0869565217391304,5000,p_4ef38ea9f428,original_bare_k1_8_partial,errors_per_task
original_bare,k1_8,partial,rts_minus_immediate_learned_accuracy,23,0.1358695652173913,0.04891304347826087,0.21739130434782608,5000,p_4ef38ea9f428,original_bare_k1_8_partial,proportion
original_bare,k1_8,partial,rts_minus_immediate_oracle_minimum_errors,23,0.6521739130434783,0.2608695652173913,1.0434782608695652,5000,p_4ef38ea9f428,original_bare_k1_8_partial,errors_per_task
original_union,k0_8,all,immediate_learned_minus_raw_accuracy,79,-0.004219409282700421,-0.0140646976090014,0.004219409282700423,5000,p_ae2b966a2399,original_union_k0_8_all,proportion
original_union,k0_8,all,immediate_learned_minus_raw_sequence_correct,79,0.0,0.0,0.0,5000,p_ae2b966a2399,original_union_k0_8_all,proportion
original_union,k0_8,all,immediate_raw_minus_learned_errors,79,-0.0379746835443038,-0.12658227848101267,0.0379746835443038,5000,p_ae2b966a2399,original_union_k0_8_all,errors_per_task
original_union,k0_8,all,immediate_learned_minus_oracle_errors,79,1.9240506329113924,1.3417721518987342,2.5443037974683542,5000,p_ae2b966a2399,original_union_k0_8_all,errors_per_task
original_union,k0_8,all,rts_learned_minus_raw_accuracy,79,0.008438818565400845,-0.0070323488045007,0.025316455696202524,5000,p_ae2b966a2399,original_union_k0_8_all,proportion
original_union,k0_8,all,rts_learned_minus_raw_sequence_correct,79,0.02531645569620253,0.0,0.06329113924050633,5000,p_ae2b966a2399,original_union_k0_8_all,proportion
original_union,k0_8,all,rts_raw_minus_learned_errors,79,0.0759493670886076,-0.06329113924050633,0.22784810126582278,5000,p_ae2b966a2399,original_union_k0_8_all,errors_per_task
original_union,k0_8,all,rts_learned_minus_oracle_errors,79,1.3037974683544304,0.8354430379746836,1.8354430379746836,5000,p_ae2b966a2399,original_union_k0_8_all,errors_per_task
original_union,k0_8,all,rts_minus_immediate_learned_accuracy,79,0.06047819971870605,0.004219409282700432,0.11814345991561177,5000,p_ae2b966a2399,original_union_k0_8_all,proportion
original_union,k0_8,all,rts_minus_immediate_oracle_minimum_errors,79,0.0759493670886076,-0.0759493670886076,0.24050632911392406,5000,p_ae2b966a2399,original_union_k0_8_all,errors_per_task
original_union_versus_primary_same_tasks,k0_8,all,immediate_raw_sensitivity_minus_primary_accuracy,79,0.0014064697609001407,-0.005625879043600561,0.009845288326300982,5000,p_ae2b966a2399,original_union_versus_primary_all,proportion
original_union_versus_primary_same_tasks,k0_8,all,immediate_learned_sensitivity_minus_primary_accuracy,79,0.007032348804500704,-0.007032348804500704,0.02535161744022453,5000,p_ae2b966a2399,original_union_versus_primary_all,proportion
original_union_versus_primary_same_tasks,k0_8,all,immediate_oracle_sensitivity_minus_primary_accuracy,79,0.0,0.0,0.0,5000,p_ae2b966a2399,original_union_versus_primary_all,proportion
original_union_versus_primary_same_tasks,k0_8,all,rts_raw_sensitivity_minus_primary_accuracy,79,0.0,0.0,0.0,5000,p_ae2b966a2399,original_union_versus_primary_all,proportion
original_union_versus_primary_same_tasks,k0_8,all,rts_learned_sensitivity_minus_primary_accuracy,79,0.0,0.0,0.0,5000,p_ae2b966a2399,original_union_versus_primary_all,proportion
original_union_versus_primary_same_tasks,k0_8,all,rts_oracle_sensitivity_minus_primary_accuracy,79,0.0,0.0,0.0,5000,p_ae2b966a2399,original_union_versus_primary_all,proportion
original_union,k0_8,partial,immediate_learned_minus_raw_accuracy,23,-0.019323671497584537,-0.04830917874396135,0.004830917874396142,5000,p_4ef38ea9f428,original_union_k0_8_partial,proportion
original_union,k0_8,partial,immediate_learned_minus_raw_sequence_correct,23,0.0,0.0,0.0,5000,p_4ef38ea9f428,original_union_k0_8_partial,proportion
original_union,k0_8,partial,immediate_raw_minus_learned_errors,23,-0.17391304347826086,-0.43478260869565216,0.043478260869565216,5000,p_4ef38ea9f428,original_union_k0_8_partial,errors_per_task
original_union,k0_8,partial,immediate_learned_minus_oracle_errors,23,3.0869565217391304,2.0869565217391304,4.086956521739131,5000,p_4ef38ea9f428,original_union_k0_8_partial,errors_per_task
original_union,k0_8,partial,rts_learned_minus_raw_accuracy,23,0.01449275362318841,-0.033816425120772944,0.05797101449275364,5000,p_4ef38ea9f428,original_union_k0_8_partial,proportion
original_union,k0_8,partial,rts_learned_minus_raw_sequence_correct,23,0.0,0.0,0.0,5000,p_4ef38ea9f428,original_union_k0_8_partial,proportion
original_union,k0_8,partial,rts_raw_minus_learned_errors,23,0.13043478260869565,-0.30434782608695654,0.5217391304347826,5000,p_4ef38ea9f428,original_union_k0_8_partial,errors_per_task
original_union,k0_8,partial,rts_learned_minus_oracle_errors,23,1.1304347826086956,0.5217391304347826,1.7826086956521738,5000,p_4ef38ea9f428,original_union_k0_8_partial,errors_per_task
original_union,k0_8,partial,rts_minus_immediate_learned_accuracy,23,0.1594202898550725,0.07246376811594202,0.251207729468599,5000,p_4ef38ea9f428,original_union_k0_8_partial,proportion
original_union,k0_8,partial,rts_minus_immediate_oracle_minimum_errors,23,0.5217391304347826,0.08695652173913043,0.9565217391304348,5000,p_4ef38ea9f428,original_union_k0_8_partial,errors_per_task
original_union_versus_primary_same_tasks,k0_8,partial,immediate_raw_sensitivity_minus_primary_accuracy,23,0.00966183574879227,-0.009661835748792265,0.033816425120772944,5000,p_4ef38ea9f428,original_union_versus_primary_partial,proportion
original_union_versus_primary_same_tasks,k0_8,partial,immediate_learned_sensitivity_minus_primary_accuracy,23,0.014492753623188408,-0.02898550724637681,0.07246376811594203,5000,p_4ef38ea9f428,original_union_versus_primary_partial,proportion
original_union_versus_primary_same_tasks,k0_8,partial,immediate_oracle_sensitivity_minus_primary_accuracy,23,0.0,0.0,0.0,5000,p_4ef38ea9f428,original_union_versus_primary_partial,proportion
original_union_versus_primary_same_tasks,k0_8,partial,rts_raw_sensitivity_minus_primary_accuracy,23,0.0,0.0,0.0,5000,p_4ef38ea9f428,original_union_versus_primary_partial,proportion
original_union_versus_primary_same_tasks,k0_8,partial,rts_learned_sensitivity_minus_primary_accuracy,23,0.0,0.0,0.0,5000,p_4ef38ea9f428,original_union_versus_primary_partial,proportion
original_union_versus_primary_same_tasks,k0_8,partial,rts_oracle_sensitivity_minus_primary_accuracy,23,0.0,0.0,0.0,5000,p_4ef38ea9f428,original_union_versus_primary_partial,proportion
