population,variant,representation,k_start,metric,unit,planned_tasks,common_complete_tasks,missing_paired_tasks,coverage,delta_A_minus_I,ci_low,ci_high,missing_bound_low,missing_bound_high,bootstrap_unit,bootstrap_replicates,bootstrap_seed,I_paired_estimate,I_paired_numerator,I_paired_denominator,I_available_estimate,I_available_numerator,I_available_denominator,I_complete_tasks,I_missing_tasks,A_paired_estimate,A_paired_numerator,A_paired_denominator,A_available_estimate,A_available_numerator,A_available_denominator,A_complete_tasks,A_missing_tasks
partial,original,bare,0,accuracy,proportion,3,3,0,1.0,0.25925925925925924,0.0,0.5555555555555556,0.25925925925925924,0.25925925925925924,task,5000,20260912,0.2962962962962963,8,27,0.2962962962962963,8,27,3,0,0.5555555555555556,15,27,0.5555555555555556,15,27,3,0
partial,original,bare,0,fsrr,proportion,3,3,0,1.0,-0.3333333333333333,-1.0,0.0,-0.3333333333333333,-0.3333333333333333,task,5000,20260912,0.3333333333333333,1,3,0.3333333333333333,1,3,3,0,0.0,0,3,0.0,0,3,3,0
partial,original,bare,0,trr,proportion,3,3,0,1.0,-0.3333333333333333,-1.0,0.0,-0.3333333333333333,-0.3333333333333333,task,5000,20260912,0.3333333333333333,1,3,0.3333333333333333,1,3,3,0,0.0,0,3,0.0,0,3,3,0
partial,original,bare,0,direct_sequence_correct,proportion,3,3,0,1.0,0.0,0.0,0.0,0.0,0.0,task,5000,20260912,0.0,0,3,0.0,0,3,3,0,0.0,0,3,0.0,0,3,3,0
partial,original,bare,0,tce,task mean threshold distance,3,3,0,1.0,-1.6666666666666667,-5.0,0.0,-1.6666666666666667,-1.6666666666666667,task,5000,20260912,6.333333333333333,19,3,6.333333333333333,19,3,3,0,4.666666666666667,14,3,4.666666666666667,14,3,3,0
partial,original,bare,0,oracle_min_errors,task mean verdict errors,3,3,0,1.0,0.3333333333333333,-1.0,1.0,0.3333333333333333,0.3333333333333333,task,5000,20260912,1.6666666666666667,5,3,1.6666666666666667,5,3,3,0,2.0,6,3,2.0,6,3,3,0
partial,original,bare,0,oracle_fsrr_all,proportion,3,3,0,1.0,-0.3333333333333333,-1.0,0.0,-0.3333333333333333,-0.3333333333333333,task,5000,20260912,0.3333333333333333,1,3,0.3333333333333333,1,3,3,0,0.0,0,3,0.0,0,3,3,0
partial,original,bare,0,oracle_trr_all,proportion,3,3,0,1.0,-0.3333333333333333,-1.0,0.0,-0.3333333333333333,-0.3333333333333333,task,5000,20260912,0.3333333333333333,1,3,0.3333333333333333,1,3,3,0,0.0,0,3,0.0,0,3,3,0
partial,original,bare,1,accuracy,proportion,3,3,0,1.0,0.25,0.0,0.5,0.25,0.25,task,5000,20260912,0.3333333333333333,8,24,0.3333333333333333,8,24,3,0,0.5833333333333334,14,24,0.5833333333333334,14,24,3,0
partial,original,bare,1,fsrr,proportion,3,3,0,1.0,-0.3333333333333333,-1.0,0.0,-0.3333333333333333,-0.3333333333333333,task,5000,20260912,0.3333333333333333,1,3,0.3333333333333333,1,3,3,0,0.0,0,3,0.0,0,3,3,0
partial,original,bare,1,trr,proportion,3,3,0,1.0,-0.3333333333333333,-1.0,0.0,-0.3333333333333333,-0.3333333333333333,task,5000,20260912,0.3333333333333333,1,3,0.3333333333333333,1,3,3,0,0.0,0,3,0.0,0,3,3,0
partial,original,bare,1,direct_sequence_correct,proportion,3,3,0,1.0,0.0,0.0,0.0,0.0,0.0,task,5000,20260912,0.0,0,3,0.0,0,3,3,0,0.0,0,3,0.0,0,3,3,0
partial,original,bare,1,tce,task mean threshold distance,3,3,0,1.0,-1.3333333333333333,-4.0,0.0,-1.3333333333333333,-1.3333333333333333,task,5000,20260912,5.333333333333333,16,3,5.333333333333333,16,3,3,0,4.0,12,3,4.0,12,3,3,0
partial,original,bare,1,oracle_min_errors,task mean verdict errors,3,3,0,1.0,0.3333333333333333,-1.0,1.0,0.3333333333333333,0.3333333333333333,task,5000,20260912,1.3333333333333333,4,3,1.3333333333333333,4,3,3,0,1.6666666666666667,5,3,1.6666666666666667,5,3,3,0
partial,original,bare,1,oracle_fsrr_all,proportion,3,3,0,1.0,-0.3333333333333333,-1.0,0.0,-0.3333333333333333,-0.3333333333333333,task,5000,20260912,0.3333333333333333,1,3,0.3333333333333333,1,3,3,0,0.0,0,3,0.0,0,3,3,0
partial,original,bare,1,oracle_trr_all,proportion,3,3,0,1.0,-0.3333333333333333,-1.0,0.0,-0.3333333333333333,-0.3333333333333333,task,5000,20260912,0.3333333333333333,1,3,0.3333333333333333,1,3,3,0,0.0,0,3,0.0,0,3,3,0
partial,original,whitespace_union,0,accuracy,proportion,3,3,0,1.0,0.25925925925925924,0.0,0.5555555555555556,0.25925925925925924,0.25925925925925924,task,5000,20260912,0.2962962962962963,8,27,0.2962962962962963,8,27,3,0,0.5555555555555556,15,27,0.5555555555555556,15,27,3,0
partial,original,whitespace_union,0,fsrr,proportion,3,3,0,1.0,-0.3333333333333333,-1.0,0.0,-0.3333333333333333,-0.3333333333333333,task,5000,20260912,0.3333333333333333,1,3,0.3333333333333333,1,3,3,0,0.0,0,3,0.0,0,3,3,0
partial,original,whitespace_union,0,trr,proportion,3,3,0,1.0,-0.3333333333333333,-1.0,0.0,-0.3333333333333333,-0.3333333333333333,task,5000,20260912,0.3333333333333333,1,3,0.3333333333333333,1,3,3,0,0.0,0,3,0.0,0,3,3,0
partial,original,whitespace_union,0,direct_sequence_correct,proportion,3,3,0,1.0,0.0,0.0,0.0,0.0,0.0,task,5000,20260912,0.0,0,3,0.0,0,3,3,0,0.0,0,3,0.0,0,3,3,0
partial,original,whitespace_union,0,tce,task mean threshold distance,3,3,0,1.0,-1.6666666666666667,-5.0,0.0,-1.6666666666666667,-1.6666666666666667,task,5000,20260912,6.333333333333333,19,3,6.333333333333333,19,3,3,0,4.666666666666667,14,3,4.666666666666667,14,3,3,0
partial,original,whitespace_union,0,oracle_min_errors,task mean verdict errors,3,3,0,1.0,0.3333333333333333,-1.0,1.0,0.3333333333333333,0.3333333333333333,task,5000,20260912,1.6666666666666667,5,3,1.6666666666666667,5,3,3,0,2.0,6,3,2.0,6,3,3,0
partial,original,whitespace_union,0,oracle_fsrr_all,proportion,3,3,0,1.0,-0.3333333333333333,-1.0,0.0,-0.3333333333333333,-0.3333333333333333,task,5000,20260912,0.3333333333333333,1,3,0.3333333333333333,1,3,3,0,0.0,0,3,0.0,0,3,3,0
partial,original,whitespace_union,0,oracle_trr_all,proportion,3,3,0,1.0,-0.3333333333333333,-1.0,0.0,-0.3333333333333333,-0.3333333333333333,task,5000,20260912,0.3333333333333333,1,3,0.3333333333333333,1,3,3,0,0.0,0,3,0.0,0,3,3,0
partial,original,whitespace_union,1,accuracy,proportion,3,3,0,1.0,0.25,0.0,0.5,0.25,0.25,task,5000,20260912,0.3333333333333333,8,24,0.3333333333333333,8,24,3,0,0.5833333333333334,14,24,0.5833333333333334,14,24,3,0
partial,original,whitespace_union,1,fsrr,proportion,3,3,0,1.0,-0.3333333333333333,-1.0,0.0,-0.3333333333333333,-0.3333333333333333,task,5000,20260912,0.3333333333333333,1,3,0.3333333333333333,1,3,3,0,0.0,0,3,0.0,0,3,3,0
partial,original,whitespace_union,1,trr,proportion,3,3,0,1.0,-0.3333333333333333,-1.0,0.0,-0.3333333333333333,-0.3333333333333333,task,5000,20260912,0.3333333333333333,1,3,0.3333333333333333,1,3,3,0,0.0,0,3,0.0,0,3,3,0
partial,original,whitespace_union,1,direct_sequence_correct,proportion,3,3,0,1.0,0.0,0.0,0.0,0.0,0.0,task,5000,20260912,0.0,0,3,0.0,0,3,3,0,0.0,0,3,0.0,0,3,3,0
partial,original,whitespace_union,1,tce,task mean threshold distance,3,3,0,1.0,-1.3333333333333333,-4.0,0.0,-1.3333333333333333,-1.3333333333333333,task,5000,20260912,5.333333333333333,16,3,5.333333333333333,16,3,3,0,4.0,12,3,4.0,12,3,3,0
partial,original,whitespace_union,1,oracle_min_errors,task mean verdict errors,3,3,0,1.0,0.3333333333333333,-1.0,1.0,0.3333333333333333,0.3333333333333333,task,5000,20260912,1.3333333333333333,4,3,1.3333333333333333,4,3,3,0,1.6666666666666667,5,3,1.6666666666666667,5,3,3,0
partial,original,whitespace_union,1,oracle_fsrr_all,proportion,3,3,0,1.0,-0.3333333333333333,-1.0,0.0,-0.3333333333333333,-0.3333333333333333,task,5000,20260912,0.3333333333333333,1,3,0.3333333333333333,1,3,3,0,0.0,0,3,0.0,0,3,3,0
partial,original,whitespace_union,1,oracle_trr_all,proportion,3,3,0,1.0,-0.3333333333333333,-1.0,0.0,-0.3333333333333333,-0.3333333333333333,task,5000,20260912,0.3333333333333333,1,3,0.3333333333333333,1,3,3,0,0.0,0,3,0.0,0,3,3,0
partial,explicit,bare,0,accuracy,proportion,3,3,0,1.0,-0.037037037037037035,-0.3333333333333333,0.3333333333333333,-0.037037037037037035,-0.037037037037037035,task,5000,20260912,0.5925925925925926,16,27,0.5925925925925926,16,27,3,0,0.5555555555555556,15,27,0.5555555555555556,15,27,3,0
partial,explicit,bare,0,fsrr,proportion,3,3,0,1.0,-0.6666666666666666,-1.0,0.0,-0.6666666666666666,-0.6666666666666666,task,5000,20260912,0.6666666666666666,2,3,0.6666666666666666,2,3,3,0,0.0,0,3,0.0,0,3,3,0
partial,explicit,bare,0,trr,proportion,3,3,0,1.0,-1.0,-1.0,-1.0,-1.0,-1.0,task,5000,20260912,1.0,3,3,1.0,3,3,3,0,0.0,0,3,0.0,0,3,3,0
partial,explicit,bare,0,direct_sequence_correct,proportion,3,3,0,1.0,0.0,0.0,0.0,0.0,0.0,task,5000,20260912,0.0,0,3,0.0,0,3,3,0,0.0,0,3,0.0,0,3,3,0
partial,explicit,bare,0,tce,task mean threshold distance,3,3,0,1.0,0.3333333333333333,0.0,1.0,0.3333333333333333,0.3333333333333333,task,5000,20260912,3.6666666666666665,11,3,3.6666666666666665,11,3,3,0,4.0,12,3,4.0,12,3,3,0
partial,explicit,bare,0,oracle_min_errors,task mean verdict errors,3,3,0,1.0,1.6666666666666667,1.0,3.0,1.6666666666666667,1.6666666666666667,task,5000,20260912,0.3333333333333333,1,3,0.3333333333333333,1,3,3,0,2.0,6,3,2.0,6,3,3,0
partial,explicit,bare,0,oracle_fsrr_all,proportion,3,3,0,1.0,-0.6666666666666666,-1.0,0.0,-0.6666666666666666,-0.6666666666666666,task,5000,20260912,0.6666666666666666,2,3,0.6666666666666666,2,3,3,0,0.0,0,3,0.0,0,3,3,0
partial,explicit,bare,0,oracle_trr_all,proportion,3,3,0,1.0,-1.0,-1.0,-1.0,-1.0,-1.0,task,5000,20260912,1.0,3,3,1.0,3,3,3,0,0.0,0,3,0.0,0,3,3,0
partial,explicit,bare,1,accuracy,proportion,3,3,0,1.0,-0.041666666666666664,-0.375,0.375,-0.041666666666666664,-0.041666666666666664,task,5000,20260912,0.5416666666666666,13,24,0.5416666666666666,13,24,3,0,0.5,12,24,0.5,12,24,3,0
partial,explicit,bare,1,fsrr,proportion,3,3,0,1.0,-0.3333333333333333,-1.0,0.0,-0.3333333333333333,-0.3333333333333333,task,5000,20260912,0.6666666666666666,2,3,0.6666666666666666,2,3,3,0,0.3333333333333333,1,3,0.3333333333333333,1,3,3,0
partial,explicit,bare,1,trr,proportion,3,3,0,1.0,-0.6666666666666666,-1.0,0.0,-0.6666666666666666,-0.6666666666666666,task,5000,20260912,1.0,3,3,1.0,3,3,3,0,0.3333333333333333,1,3,0.3333333333333333,1,3,3,0
partial,explicit,bare,1,direct_sequence_correct,proportion,3,3,0,1.0,0.0,0.0,0.0,0.0,0.0,task,5000,20260912,0.0,0,3,0.0,0,3,3,0,0.0,0,3,0.0,0,3,3,0
partial,explicit,bare,1,tce,task mean threshold distance,3,3,0,1.0,0.3333333333333333,0.0,1.0,0.3333333333333333,0.3333333333333333,task,5000,20260912,3.6666666666666665,11,3,3.6666666666666665,11,3,3,0,4.0,12,3,4.0,12,3,3,0
partial,explicit,bare,1,oracle_min_errors,task mean verdict errors,3,3,0,1.0,1.0,0.0,2.0,1.0,1.0,task,5000,20260912,0.3333333333333333,1,3,0.3333333333333333,1,3,3,0,1.3333333333333333,4,3,1.3333333333333333,4,3,3,0
partial,explicit,bare,1,oracle_fsrr_all,proportion,3,3,0,1.0,-0.3333333333333333,-1.0,0.0,-0.3333333333333333,-0.3333333333333333,task,5000,20260912,0.6666666666666666,2,3,0.6666666666666666,2,3,3,0,0.3333333333333333,1,3,0.3333333333333333,1,3,3,0
partial,explicit,bare,1,oracle_trr_all,proportion,3,3,0,1.0,-0.6666666666666666,-1.0,0.0,-0.6666666666666666,-0.6666666666666666,task,5000,20260912,1.0,3,3,1.0,3,3,3,0,0.3333333333333333,1,3,0.3333333333333333,1,3,3,0
partial,explicit,whitespace_union,0,accuracy,proportion,3,3,0,1.0,-0.037037037037037035,-0.3333333333333333,0.3333333333333333,-0.037037037037037035,-0.037037037037037035,task,5000,20260912,0.5925925925925926,16,27,0.5925925925925926,16,27,3,0,0.5555555555555556,15,27,0.5555555555555556,15,27,3,0
partial,explicit,whitespace_union,0,fsrr,proportion,3,3,0,1.0,-0.6666666666666666,-1.0,0.0,-0.6666666666666666,-0.6666666666666666,task,5000,20260912,0.6666666666666666,2,3,0.6666666666666666,2,3,3,0,0.0,0,3,0.0,0,3,3,0
partial,explicit,whitespace_union,0,trr,proportion,3,3,0,1.0,-1.0,-1.0,-1.0,-1.0,-1.0,task,5000,20260912,1.0,3,3,1.0,3,3,3,0,0.0,0,3,0.0,0,3,3,0
partial,explicit,whitespace_union,0,direct_sequence_correct,proportion,3,3,0,1.0,0.0,0.0,0.0,0.0,0.0,task,5000,20260912,0.0,0,3,0.0,0,3,3,0,0.0,0,3,0.0,0,3,3,0
partial,explicit,whitespace_union,0,tce,task mean threshold distance,3,3,0,1.0,0.3333333333333333,0.0,1.0,0.3333333333333333,0.3333333333333333,task,5000,20260912,3.6666666666666665,11,3,3.6666666666666665,11,3,3,0,4.0,12,3,4.0,12,3,3,0
partial,explicit,whitespace_union,0,oracle_min_errors,task mean verdict errors,3,3,0,1.0,1.6666666666666667,1.0,3.0,1.6666666666666667,1.6666666666666667,task,5000,20260912,0.3333333333333333,1,3,0.3333333333333333,1,3,3,0,2.0,6,3,2.0,6,3,3,0
partial,explicit,whitespace_union,0,oracle_fsrr_all,proportion,3,3,0,1.0,-0.6666666666666666,-1.0,0.0,-0.6666666666666666,-0.6666666666666666,task,5000,20260912,0.6666666666666666,2,3,0.6666666666666666,2,3,3,0,0.0,0,3,0.0,0,3,3,0
partial,explicit,whitespace_union,0,oracle_trr_all,proportion,3,3,0,1.0,-1.0,-1.0,-1.0,-1.0,-1.0,task,5000,20260912,1.0,3,3,1.0,3,3,3,0,0.0,0,3,0.0,0,3,3,0
partial,explicit,whitespace_union,1,accuracy,proportion,3,3,0,1.0,-0.041666666666666664,-0.375,0.375,-0.041666666666666664,-0.041666666666666664,task,5000,20260912,0.5416666666666666,13,24,0.5416666666666666,13,24,3,0,0.5,12,24,0.5,12,24,3,0
partial,explicit,whitespace_union,1,fsrr,proportion,3,3,0,1.0,-0.3333333333333333,-1.0,0.0,-0.3333333333333333,-0.3333333333333333,task,5000,20260912,0.6666666666666666,2,3,0.6666666666666666,2,3,3,0,0.3333333333333333,1,3,0.3333333333333333,1,3,3,0
partial,explicit,whitespace_union,1,trr,proportion,3,3,0,1.0,-0.6666666666666666,-1.0,0.0,-0.6666666666666666,-0.6666666666666666,task,5000,20260912,1.0,3,3,1.0,3,3,3,0,0.3333333333333333,1,3,0.3333333333333333,1,3,3,0
partial,explicit,whitespace_union,1,direct_sequence_correct,proportion,3,3,0,1.0,0.0,0.0,0.0,0.0,0.0,task,5000,20260912,0.0,0,3,0.0,0,3,3,0,0.0,0,3,0.0,0,3,3,0
partial,explicit,whitespace_union,1,tce,task mean threshold distance,3,3,0,1.0,0.3333333333333333,0.0,1.0,0.3333333333333333,0.3333333333333333,task,5000,20260912,3.6666666666666665,11,3,3.6666666666666665,11,3,3,0,4.0,12,3,4.0,12,3,3,0
partial,explicit,whitespace_union,1,oracle_min_errors,task mean verdict errors,3,3,0,1.0,1.0,0.0,2.0,1.0,1.0,task,5000,20260912,0.3333333333333333,1,3,0.3333333333333333,1,3,3,0,1.3333333333333333,4,3,1.3333333333333333,4,3,3,0
partial,explicit,whitespace_union,1,oracle_fsrr_all,proportion,3,3,0,1.0,-0.3333333333333333,-1.0,0.0,-0.3333333333333333,-0.3333333333333333,task,5000,20260912,0.6666666666666666,2,3,0.6666666666666666,2,3,3,0,0.3333333333333333,1,3,0.3333333333333333,1,3,3,0
partial,explicit,whitespace_union,1,oracle_trr_all,proportion,3,3,0,1.0,-0.6666666666666666,-1.0,0.0,-0.6666666666666666,-0.6666666666666666,task,5000,20260912,1.0,3,3,1.0,3,3,3,0,0.3333333333333333,1,3,0.3333333333333333,1,3,3,0
nontrivial,original,bare,0,accuracy,proportion,7,7,0,1.0,0.12698412698412698,0.015873015873015872,0.2857142857142857,0.12698412698412698,0.12698412698412698,task,5000,20260912,0.5238095238095238,33,63,0.5238095238095238,33,63,7,0,0.6507936507936508,41,63,0.6507936507936508,41,63,7,0
nontrivial,original,bare,0,fsrr,proportion,7,7,0,1.0,-0.14285714285714285,-0.42857142857142855,0.0,-0.14285714285714285,-0.14285714285714285,task,5000,20260912,0.5714285714285714,4,7,0.5714285714285714,4,7,7,0,0.42857142857142855,3,7,0.42857142857142855,3,7,7,0
nontrivial,original,bare,0,trr,proportion,7,7,0,1.0,-0.14285714285714285,-0.42857142857142855,0.0,-0.14285714285714285,-0.14285714285714285,task,5000,20260912,0.5714285714285714,4,7,0.5714285714285714,4,7,7,0,0.42857142857142855,3,7,0.42857142857142855,3,7,7,0
nontrivial,original,bare,0,direct_sequence_correct,proportion,7,7,0,1.0,0.14285714285714285,0.0,0.42857142857142855,0.14285714285714285,0.14285714285714285,task,5000,20260912,0.0,0,7,0.0,0,7,7,0,0.14285714285714285,1,7,0.14285714285714285,1,7,7,0
nontrivial,original,bare,0,tce,task mean threshold distance,7,7,0,1.0,-0.8571428571428571,-2.2857142857142856,0.0,-0.8571428571428571,-0.8571428571428571,task,5000,20260912,4.285714285714286,30,7,4.285714285714286,30,7,7,0,3.4285714285714284,24,7,3.4285714285714284,24,7,7,0
nontrivial,original,bare,0,oracle_min_errors,task mean verdict errors,7,7,0,1.0,0.14285714285714285,-0.2857142857142857,0.5714285714285714,0.14285714285714285,0.14285714285714285,task,5000,20260912,0.8571428571428571,6,7,0.8571428571428571,6,7,7,0,1.0,7,7,1.0,7,7,7,0
nontrivial,original,bare,0,oracle_fsrr_all,proportion,7,7,0,1.0,-0.14285714285714285,-0.42857142857142855,0.0,-0.14285714285714285,-0.14285714285714285,task,5000,20260912,0.5714285714285714,4,7,0.5714285714285714,4,7,7,0,0.42857142857142855,3,7,0.42857142857142855,3,7,7,0
nontrivial,original,bare,0,oracle_trr_all,proportion,7,7,0,1.0,-0.14285714285714285,-0.42857142857142855,0.0,-0.14285714285714285,-0.14285714285714285,task,5000,20260912,0.5714285714285714,4,7,0.5714285714285714,4,7,7,0,0.42857142857142855,3,7,0.42857142857142855,3,7,7,0
nontrivial,original,bare,1,accuracy,proportion,7,7,0,1.0,0.10714285714285714,0.0,0.25,0.10714285714285714,0.10714285714285714,task,5000,20260912,0.5714285714285714,32,56,0.5714285714285714,32,56,7,0,0.6785714285714286,38,56,0.6785714285714286,38,56,7,0
nontrivial,original,bare,1,fsrr,proportion,3,3,0,1.0,-0.3333333333333333,-1.0,0.0,-0.3333333333333333,-0.3333333333333333,task,5000,20260912,0.3333333333333333,1,3,0.3333333333333333,1,3,3,0,0.0,0,3,0.0,0,3,3,0
nontrivial,original,bare,1,trr,proportion,3,3,0,1.0,-0.3333333333333333,-1.0,0.0,-0.3333333333333333,-0.3333333333333333,task,5000,20260912,0.3333333333333333,1,3,0.3333333333333333,1,3,3,0,0.0,0,3,0.0,0,3,3,0
nontrivial,original,bare,1,direct_sequence_correct,proportion,7,7,0,1.0,0.0,0.0,0.0,0.0,0.0,task,5000,20260912,0.42857142857142855,3,7,0.42857142857142855,3,7,7,0,0.42857142857142855,3,7,0.42857142857142855,3,7,7,0
nontrivial,original,bare,1,tce,task mean threshold distance,7,7,0,1.0,-0.5714285714285714,-1.7142857142857142,0.0,-0.5714285714285714,-0.5714285714285714,task,5000,20260912,3.4285714285714284,24,7,3.4285714285714284,24,7,7,0,2.857142857142857,20,7,2.857142857142857,20,7,7,0
nontrivial,original,bare,1,oracle_min_errors,task mean verdict errors,7,7,0,1.0,0.14285714285714285,-0.2857142857142857,0.5714285714285714,0.14285714285714285,0.14285714285714285,task,5000,20260912,0.5714285714285714,4,7,0.5714285714285714,4,7,7,0,0.7142857142857143,5,7,0.7142857142857143,5,7,7,0
nontrivial,original,bare,1,oracle_fsrr_all,proportion,7,7,0,1.0,-0.14285714285714285,-0.42857142857142855,0.0,-0.14285714285714285,-0.14285714285714285,task,5000,20260912,0.7142857142857143,5,7,0.7142857142857143,5,7,7,0,0.5714285714285714,4,7,0.5714285714285714,4,7,7,0
nontrivial,original,bare,1,oracle_trr_all,proportion,7,7,0,1.0,-0.14285714285714285,-0.42857142857142855,0.0,-0.14285714285714285,-0.14285714285714285,task,5000,20260912,0.7142857142857143,5,7,0.7142857142857143,5,7,7,0,0.5714285714285714,4,7,0.5714285714285714,4,7,7,0
nontrivial,original,whitespace_union,0,accuracy,proportion,7,7,0,1.0,0.12698412698412698,0.015873015873015872,0.2857142857142857,0.12698412698412698,0.12698412698412698,task,5000,20260912,0.5238095238095238,33,63,0.5238095238095238,33,63,7,0,0.6507936507936508,41,63,0.6507936507936508,41,63,7,0
nontrivial,original,whitespace_union,0,fsrr,proportion,7,7,0,1.0,-0.14285714285714285,-0.42857142857142855,0.0,-0.14285714285714285,-0.14285714285714285,task,5000,20260912,0.5714285714285714,4,7,0.5714285714285714,4,7,7,0,0.42857142857142855,3,7,0.42857142857142855,3,7,7,0
nontrivial,original,whitespace_union,0,trr,proportion,7,7,0,1.0,-0.14285714285714285,-0.42857142857142855,0.0,-0.14285714285714285,-0.14285714285714285,task,5000,20260912,0.5714285714285714,4,7,0.5714285714285714,4,7,7,0,0.42857142857142855,3,7,0.42857142857142855,3,7,7,0
nontrivial,original,whitespace_union,0,direct_sequence_correct,proportion,7,7,0,1.0,0.14285714285714285,0.0,0.42857142857142855,0.14285714285714285,0.14285714285714285,task,5000,20260912,0.0,0,7,0.0,0,7,7,0,0.14285714285714285,1,7,0.14285714285714285,1,7,7,0
nontrivial,original,whitespace_union,0,tce,task mean threshold distance,7,7,0,1.0,-0.8571428571428571,-2.2857142857142856,0.0,-0.8571428571428571,-0.8571428571428571,task,5000,20260912,4.285714285714286,30,7,4.285714285714286,30,7,7,0,3.4285714285714284,24,7,3.4285714285714284,24,7,7,0
nontrivial,original,whitespace_union,0,oracle_min_errors,task mean verdict errors,7,7,0,1.0,0.14285714285714285,-0.2857142857142857,0.5714285714285714,0.14285714285714285,0.14285714285714285,task,5000,20260912,0.8571428571428571,6,7,0.8571428571428571,6,7,7,0,1.0,7,7,1.0,7,7,7,0
nontrivial,original,whitespace_union,0,oracle_fsrr_all,proportion,7,7,0,1.0,-0.14285714285714285,-0.42857142857142855,0.0,-0.14285714285714285,-0.14285714285714285,task,5000,20260912,0.5714285714285714,4,7,0.5714285714285714,4,7,7,0,0.42857142857142855,3,7,0.42857142857142855,3,7,7,0
nontrivial,original,whitespace_union,0,oracle_trr_all,proportion,7,7,0,1.0,-0.14285714285714285,-0.42857142857142855,0.0,-0.14285714285714285,-0.14285714285714285,task,5000,20260912,0.5714285714285714,4,7,0.5714285714285714,4,7,7,0,0.42857142857142855,3,7,0.42857142857142855,3,7,7,0
nontrivial,original,whitespace_union,1,accuracy,proportion,7,7,0,1.0,0.10714285714285714,0.0,0.25,0.10714285714285714,0.10714285714285714,task,5000,20260912,0.5714285714285714,32,56,0.5714285714285714,32,56,7,0,0.6785714285714286,38,56,0.6785714285714286,38,56,7,0
nontrivial,original,whitespace_union,1,fsrr,proportion,3,3,0,1.0,-0.3333333333333333,-1.0,0.0,-0.3333333333333333,-0.3333333333333333,task,5000,20260912,0.3333333333333333,1,3,0.3333333333333333,1,3,3,0,0.0,0,3,0.0,0,3,3,0
nontrivial,original,whitespace_union,1,trr,proportion,3,3,0,1.0,-0.3333333333333333,-1.0,0.0,-0.3333333333333333,-0.3333333333333333,task,5000,20260912,0.3333333333333333,1,3,0.3333333333333333,1,3,3,0,0.0,0,3,0.0,0,3,3,0
nontrivial,original,whitespace_union,1,direct_sequence_correct,proportion,7,7,0,1.0,0.0,0.0,0.0,0.0,0.0,task,5000,20260912,0.42857142857142855,3,7,0.42857142857142855,3,7,7,0,0.42857142857142855,3,7,0.42857142857142855,3,7,7,0
nontrivial,original,whitespace_union,1,tce,task mean threshold distance,7,7,0,1.0,-0.5714285714285714,-1.7142857142857142,0.0,-0.5714285714285714,-0.5714285714285714,task,5000,20260912,3.4285714285714284,24,7,3.4285714285714284,24,7,7,0,2.857142857142857,20,7,2.857142857142857,20,7,7,0
nontrivial,original,whitespace_union,1,oracle_min_errors,task mean verdict errors,7,7,0,1.0,0.14285714285714285,-0.2857142857142857,0.5714285714285714,0.14285714285714285,0.14285714285714285,task,5000,20260912,0.5714285714285714,4,7,0.5714285714285714,4,7,7,0,0.7142857142857143,5,7,0.7142857142857143,5,7,7,0
nontrivial,original,whitespace_union,1,oracle_fsrr_all,proportion,7,7,0,1.0,-0.14285714285714285,-0.42857142857142855,0.0,-0.14285714285714285,-0.14285714285714285,task,5000,20260912,0.7142857142857143,5,7,0.7142857142857143,5,7,7,0,0.5714285714285714,4,7,0.5714285714285714,4,7,7,0
nontrivial,original,whitespace_union,1,oracle_trr_all,proportion,7,7,0,1.0,-0.14285714285714285,-0.42857142857142855,0.0,-0.14285714285714285,-0.14285714285714285,task,5000,20260912,0.7142857142857143,5,7,0.7142857142857143,5,7,7,0,0.5714285714285714,4,7,0.5714285714285714,4,7,7,0
nontrivial,explicit,bare,0,accuracy,proportion,7,7,0,1.0,-0.031746031746031744,-0.1746031746031746,0.1111111111111111,-0.031746031746031744,-0.031746031746031744,task,5000,20260912,0.7142857142857143,45,63,0.7142857142857143,45,63,7,0,0.6825396825396826,43,63,0.6825396825396826,43,63,7,0
nontrivial,explicit,bare,0,fsrr,proportion,7,7,0,1.0,-0.42857142857142855,-0.8571428571428571,-0.14285714285714285,-0.42857142857142855,-0.42857142857142855,task,5000,20260912,0.8571428571428571,6,7,0.8571428571428571,6,7,7,0,0.42857142857142855,3,7,0.42857142857142855,3,7,7,0
nontrivial,explicit,bare,0,trr,proportion,7,7,0,1.0,-0.5714285714285714,-0.8571428571428571,-0.14285714285714285,-0.5714285714285714,-0.5714285714285714,task,5000,20260912,1.0,7,7,1.0,7,7,7,0,0.42857142857142855,3,7,0.42857142857142855,3,7,7,0
nontrivial,explicit,bare,0,direct_sequence_correct,proportion,7,7,0,1.0,0.0,0.0,0.0,0.0,0.0,task,5000,20260912,0.42857142857142855,3,7,0.42857142857142855,3,7,7,0,0.42857142857142855,3,7,0.42857142857142855,3,7,7,0
nontrivial,explicit,bare,0,tce,task mean threshold distance,7,7,0,1.0,0.2857142857142857,0.0,0.7142857142857143,0.2857142857142857,0.2857142857142857,task,5000,20260912,2.5714285714285716,18,7,2.5714285714285716,18,7,7,0,2.857142857142857,20,7,2.857142857142857,20,7,7,0
nontrivial,explicit,bare,0,oracle_min_errors,task mean verdict errors,7,7,0,1.0,0.8571428571428571,0.2857142857142857,1.7142857142857142,0.8571428571428571,0.8571428571428571,task,5000,20260912,0.14285714285714285,1,7,0.14285714285714285,1,7,7,0,1.0,7,7,1.0,7,7,7,0
nontrivial,explicit,bare,0,oracle_fsrr_all,proportion,7,7,0,1.0,-0.42857142857142855,-0.8571428571428571,-0.14285714285714285,-0.42857142857142855,-0.42857142857142855,task,5000,20260912,0.8571428571428571,6,7,0.8571428571428571,6,7,7,0,0.42857142857142855,3,7,0.42857142857142855,3,7,7,0
nontrivial,explicit,bare,0,oracle_trr_all,proportion,7,7,0,1.0,-0.5714285714285714,-0.8571428571428571,-0.14285714285714285,-0.5714285714285714,-0.5714285714285714,task,5000,20260912,1.0,7,7,1.0,7,7,7,0,0.42857142857142855,3,7,0.42857142857142855,3,7,7,0
nontrivial,explicit,bare,1,accuracy,proportion,7,7,0,1.0,-0.03571428571428571,-0.19642857142857142,0.125,-0.03571428571428571,-0.03571428571428571,task,5000,20260912,0.6785714285714286,38,56,0.6785714285714286,38,56,7,0,0.6428571428571429,36,56,0.6428571428571429,36,56,7,0
nontrivial,explicit,bare,1,fsrr,proportion,3,3,0,1.0,-0.3333333333333333,-1.0,0.0,-0.3333333333333333,-0.3333333333333333,task,5000,20260912,0.6666666666666666,2,3,0.6666666666666666,2,3,3,0,0.3333333333333333,1,3,0.3333333333333333,1,3,3,0
nontrivial,explicit,bare,1,trr,proportion,3,3,0,1.0,-0.6666666666666666,-1.0,0.0,-0.6666666666666666,-0.6666666666666666,task,5000,20260912,1.0,3,3,1.0,3,3,3,0,0.3333333333333333,1,3,0.3333333333333333,1,3,3,0
nontrivial,explicit,bare,1,direct_sequence_correct,proportion,7,7,0,1.0,0.0,0.0,0.0,0.0,0.0,task,5000,20260912,0.42857142857142855,3,7,0.42857142857142855,3,7,7,0,0.42857142857142855,3,7,0.42857142857142855,3,7,7,0
nontrivial,explicit,bare,1,tce,task mean threshold distance,7,7,0,1.0,0.2857142857142857,0.0,0.7142857142857143,0.2857142857142857,0.2857142857142857,task,5000,20260912,2.5714285714285716,18,7,2.5714285714285716,18,7,7,0,2.857142857142857,20,7,2.857142857142857,20,7,7,0
nontrivial,explicit,bare,1,oracle_min_errors,task mean verdict errors,7,7,0,1.0,0.42857142857142855,0.0,1.0,0.42857142857142855,0.42857142857142855,task,5000,20260912,0.14285714285714285,1,7,0.14285714285714285,1,7,7,0,0.5714285714285714,4,7,0.5714285714285714,4,7,7,0
nontrivial,explicit,bare,1,oracle_fsrr_all,proportion,7,7,0,1.0,-0.14285714285714285,-0.42857142857142855,0.0,-0.14285714285714285,-0.14285714285714285,task,5000,20260912,0.8571428571428571,6,7,0.8571428571428571,6,7,7,0,0.7142857142857143,5,7,0.7142857142857143,5,7,7,0
nontrivial,explicit,bare,1,oracle_trr_all,proportion,7,7,0,1.0,-0.2857142857142857,-0.7142857142857143,0.0,-0.2857142857142857,-0.2857142857142857,task,5000,20260912,1.0,7,7,1.0,7,7,7,0,0.7142857142857143,5,7,0.7142857142857143,5,7,7,0
nontrivial,explicit,whitespace_union,0,accuracy,proportion,7,7,0,1.0,-0.031746031746031744,-0.1746031746031746,0.1111111111111111,-0.031746031746031744,-0.031746031746031744,task,5000,20260912,0.7142857142857143,45,63,0.7142857142857143,45,63,7,0,0.6825396825396826,43,63,0.6825396825396826,43,63,7,0
nontrivial,explicit,whitespace_union,0,fsrr,proportion,7,7,0,1.0,-0.42857142857142855,-0.8571428571428571,-0.14285714285714285,-0.42857142857142855,-0.42857142857142855,task,5000,20260912,0.8571428571428571,6,7,0.8571428571428571,6,7,7,0,0.42857142857142855,3,7,0.42857142857142855,3,7,7,0
nontrivial,explicit,whitespace_union,0,trr,proportion,7,7,0,1.0,-0.5714285714285714,-0.8571428571428571,-0.14285714285714285,-0.5714285714285714,-0.5714285714285714,task,5000,20260912,1.0,7,7,1.0,7,7,7,0,0.42857142857142855,3,7,0.42857142857142855,3,7,7,0
nontrivial,explicit,whitespace_union,0,direct_sequence_correct,proportion,7,7,0,1.0,0.0,0.0,0.0,0.0,0.0,task,5000,20260912,0.42857142857142855,3,7,0.42857142857142855,3,7,7,0,0.42857142857142855,3,7,0.42857142857142855,3,7,7,0
nontrivial,explicit,whitespace_union,0,tce,task mean threshold distance,7,7,0,1.0,0.2857142857142857,0.0,0.7142857142857143,0.2857142857142857,0.2857142857142857,task,5000,20260912,2.5714285714285716,18,7,2.5714285714285716,18,7,7,0,2.857142857142857,20,7,2.857142857142857,20,7,7,0
nontrivial,explicit,whitespace_union,0,oracle_min_errors,task mean verdict errors,7,7,0,1.0,0.8571428571428571,0.2857142857142857,1.7142857142857142,0.8571428571428571,0.8571428571428571,task,5000,20260912,0.14285714285714285,1,7,0.14285714285714285,1,7,7,0,1.0,7,7,1.0,7,7,7,0
nontrivial,explicit,whitespace_union,0,oracle_fsrr_all,proportion,7,7,0,1.0,-0.42857142857142855,-0.8571428571428571,-0.14285714285714285,-0.42857142857142855,-0.42857142857142855,task,5000,20260912,0.8571428571428571,6,7,0.8571428571428571,6,7,7,0,0.42857142857142855,3,7,0.42857142857142855,3,7,7,0
nontrivial,explicit,whitespace_union,0,oracle_trr_all,proportion,7,7,0,1.0,-0.5714285714285714,-0.8571428571428571,-0.14285714285714285,-0.5714285714285714,-0.5714285714285714,task,5000,20260912,1.0,7,7,1.0,7,7,7,0,0.42857142857142855,3,7,0.42857142857142855,3,7,7,0
nontrivial,explicit,whitespace_union,1,accuracy,proportion,7,7,0,1.0,-0.03571428571428571,-0.19642857142857142,0.125,-0.03571428571428571,-0.03571428571428571,task,5000,20260912,0.6785714285714286,38,56,0.6785714285714286,38,56,7,0,0.6428571428571429,36,56,0.6428571428571429,36,56,7,0
nontrivial,explicit,whitespace_union,1,fsrr,proportion,3,3,0,1.0,-0.3333333333333333,-1.0,0.0,-0.3333333333333333,-0.3333333333333333,task,5000,20260912,0.6666666666666666,2,3,0.6666666666666666,2,3,3,0,0.3333333333333333,1,3,0.3333333333333333,1,3,3,0
nontrivial,explicit,whitespace_union,1,trr,proportion,3,3,0,1.0,-0.6666666666666666,-1.0,0.0,-0.6666666666666666,-0.6666666666666666,task,5000,20260912,1.0,3,3,1.0,3,3,3,0,0.3333333333333333,1,3,0.3333333333333333,1,3,3,0
nontrivial,explicit,whitespace_union,1,direct_sequence_correct,proportion,7,7,0,1.0,0.0,0.0,0.0,0.0,0.0,task,5000,20260912,0.42857142857142855,3,7,0.42857142857142855,3,7,7,0,0.42857142857142855,3,7,0.42857142857142855,3,7,7,0
nontrivial,explicit,whitespace_union,1,tce,task mean threshold distance,7,7,0,1.0,0.2857142857142857,0.0,0.7142857142857143,0.2857142857142857,0.2857142857142857,task,5000,20260912,2.5714285714285716,18,7,2.5714285714285716,18,7,7,0,2.857142857142857,20,7,2.857142857142857,20,7,7,0
nontrivial,explicit,whitespace_union,1,oracle_min_errors,task mean verdict errors,7,7,0,1.0,0.42857142857142855,0.0,1.0,0.42857142857142855,0.42857142857142855,task,5000,20260912,0.14285714285714285,1,7,0.14285714285714285,1,7,7,0,0.5714285714285714,4,7,0.5714285714285714,4,7,7,0
nontrivial,explicit,whitespace_union,1,oracle_fsrr_all,proportion,7,7,0,1.0,-0.14285714285714285,-0.42857142857142855,0.0,-0.14285714285714285,-0.14285714285714285,task,5000,20260912,0.8571428571428571,6,7,0.8571428571428571,6,7,7,0,0.7142857142857143,5,7,0.7142857142857143,5,7,7,0
nontrivial,explicit,whitespace_union,1,oracle_trr_all,proportion,7,7,0,1.0,-0.2857142857142857,-0.7142857142857143,0.0,-0.2857142857142857,-0.2857142857142857,task,5000,20260912,1.0,7,7,1.0,7,7,7,0,0.7142857142857143,5,7,0.7142857142857143,5,7,7,0
all,original,bare,0,accuracy,proportion,14,14,0,1.0,0.06349206349206349,-0.007936507936507936,0.15873015873015872,0.06349206349206349,0.06349206349206349,task,5000,20260912,0.7380952380952381,93,126,0.7380952380952381,93,126,14,0,0.8015873015873016,101,126,0.8015873015873016,101,126,14,0
all,original,bare,0,fsrr,proportion,7,7,0,1.0,-0.14285714285714285,-0.42857142857142855,0.0,-0.14285714285714285,-0.14285714285714285,task,5000,20260912,0.5714285714285714,4,7,0.5714285714285714,4,7,7,0,0.42857142857142855,3,7,0.42857142857142855,3,7,7,0
all,original,bare,0,trr,proportion,7,7,0,1.0,-0.14285714285714285,-0.42857142857142855,0.0,-0.14285714285714285,-0.14285714285714285,task,5000,20260912,0.5714285714285714,4,7,0.5714285714285714,4,7,7,0,0.42857142857142855,3,7,0.42857142857142855,3,7,7,0
all,original,bare,0,direct_sequence_correct,proportion,14,14,0,1.0,0.0,-0.21428571428571427,0.21428571428571427,0.0,0.0,task,5000,20260912,0.42857142857142855,6,14,0.42857142857142855,6,14,14,0,0.42857142857142855,6,14,0.42857142857142855,6,14,14,0
all,original,bare,0,tce,task mean threshold distance,14,14,0,1.0,-0.5,-1.4285714285714286,0.21428571428571427,-0.5,-0.5,task,5000,20260912,2.5,35,14,2.5,35,14,14,0,2.0,28,14,2.0,28,14,14,0
all,original,bare,0,oracle_min_errors,task mean verdict errors,14,14,0,1.0,0.07142857142857142,-0.14285714285714285,0.2857142857142857,0.07142857142857142,0.07142857142857142,task,5000,20260912,0.42857142857142855,6,14,0.42857142857142855,6,14,14,0,0.5,7,14,0.5,7,14,14,0
all,original,bare,0,oracle_fsrr_all,proportion,14,14,0,1.0,-0.07142857142857142,-0.21428571428571427,0.0,-0.07142857142857142,-0.07142857142857142,task,5000,20260912,0.7857142857142857,11,14,0.7857142857142857,11,14,14,0,0.7142857142857143,10,14,0.7142857142857143,10,14,14,0
all,original,bare,0,oracle_trr_all,proportion,14,14,0,1.0,-0.07142857142857142,-0.21428571428571427,0.0,-0.07142857142857142,-0.07142857142857142,task,5000,20260912,0.7857142857142857,11,14,0.7857142857142857,11,14,14,0,0.7142857142857143,10,14,0.7142857142857143,10,14,14,0
all,original,bare,1,accuracy,proportion,14,14,0,1.0,0.05357142857142857,-0.008928571428571428,0.14285714285714285,0.05357142857142857,0.05357142857142857,task,5000,20260912,0.7589285714285714,85,112,0.7589285714285714,85,112,14,0,0.8125,91,112,0.8125,91,112,14,0
all,original,bare,1,fsrr,proportion,3,3,0,1.0,-0.3333333333333333,-1.0,0.0,-0.3333333333333333,-0.3333333333333333,task,5000,20260912,0.3333333333333333,1,3,0.3333333333333333,1,3,3,0,0.0,0,3,0.0,0,3,3,0
all,original,bare,1,trr,proportion,3,3,0,1.0,-0.3333333333333333,-1.0,0.0,-0.3333333333333333,-0.3333333333333333,task,5000,20260912,0.3333333333333333,1,3,0.3333333333333333,1,3,3,0,0.0,0,3,0.0,0,3,3,0
all,original,bare,1,direct_sequence_correct,proportion,14,14,0,1.0,-0.07142857142857142,-0.21428571428571427,0.0,-0.07142857142857142,-0.07142857142857142,task,5000,20260912,0.6428571428571429,9,14,0.6428571428571429,9,14,14,0,0.5714285714285714,8,14,0.5714285714285714,8,14,14,0
all,original,bare,1,tce,task mean threshold distance,14,14,0,1.0,-0.35714285714285715,-1.1428571428571428,0.2857142857142857,-0.35714285714285715,-0.35714285714285715,task,5000,20260912,2.0714285714285716,29,14,2.0714285714285716,29,14,14,0,1.7142857142857142,24,14,1.7142857142857142,24,14,14,0
all,original,bare,1,oracle_min_errors,task mean verdict errors,14,14,0,1.0,0.07142857142857142,-0.14285714285714285,0.2857142857142857,0.07142857142857142,0.07142857142857142,task,5000,20260912,0.2857142857142857,4,14,0.2857142857142857,4,14,14,0,0.35714285714285715,5,14,0.35714285714285715,5,14,14,0
all,original,bare,1,oracle_fsrr_all,proportion,14,14,0,1.0,-0.07142857142857142,-0.21428571428571427,0.0,-0.07142857142857142,-0.07142857142857142,task,5000,20260912,0.8571428571428571,12,14,0.8571428571428571,12,14,14,0,0.7857142857142857,11,14,0.7857142857142857,11,14,14,0
all,original,bare,1,oracle_trr_all,proportion,14,14,0,1.0,-0.07142857142857142,-0.21428571428571427,0.0,-0.07142857142857142,-0.07142857142857142,task,5000,20260912,0.8571428571428571,12,14,0.8571428571428571,12,14,14,0,0.7857142857142857,11,14,0.7857142857142857,11,14,14,0
all,original,whitespace_union,0,accuracy,proportion,14,14,0,1.0,0.07142857142857142,0.0,0.16666666666666666,0.07142857142857142,0.07142857142857142,task,5000,20260912,0.7301587301587301,92,126,0.7301587301587301,92,126,14,0,0.8015873015873016,101,126,0.8015873015873016,101,126,14,0
all,original,whitespace_union,0,fsrr,proportion,7,7,0,1.0,-0.14285714285714285,-0.42857142857142855,0.0,-0.14285714285714285,-0.14285714285714285,task,5000,20260912,0.5714285714285714,4,7,0.5714285714285714,4,7,7,0,0.42857142857142855,3,7,0.42857142857142855,3,7,7,0
all,original,whitespace_union,0,trr,proportion,7,7,0,1.0,-0.14285714285714285,-0.42857142857142855,0.0,-0.14285714285714285,-0.14285714285714285,task,5000,20260912,0.5714285714285714,4,7,0.5714285714285714,4,7,7,0,0.42857142857142855,3,7,0.42857142857142855,3,7,7,0
all,original,whitespace_union,0,direct_sequence_correct,proportion,14,14,0,1.0,0.0,-0.21428571428571427,0.21428571428571427,0.0,0.0,task,5000,20260912,0.42857142857142855,6,14,0.42857142857142855,6,14,14,0,0.42857142857142855,6,14,0.42857142857142855,6,14,14,0
all,original,whitespace_union,0,tce,task mean threshold distance,14,14,0,1.0,-0.5,-1.4285714285714286,0.21428571428571427,-0.5,-0.5,task,5000,20260912,2.5,35,14,2.5,35,14,14,0,2.0,28,14,2.0,28,14,14,0
all,original,whitespace_union,0,oracle_min_errors,task mean verdict errors,14,14,0,1.0,0.07142857142857142,-0.14285714285714285,0.2857142857142857,0.07142857142857142,0.07142857142857142,task,5000,20260912,0.42857142857142855,6,14,0.42857142857142855,6,14,14,0,0.5,7,14,0.5,7,14,14,0
all,original,whitespace_union,0,oracle_fsrr_all,proportion,14,14,0,1.0,-0.07142857142857142,-0.21428571428571427,0.0,-0.07142857142857142,-0.07142857142857142,task,5000,20260912,0.7857142857142857,11,14,0.7857142857142857,11,14,14,0,0.7142857142857143,10,14,0.7142857142857143,10,14,14,0
all,original,whitespace_union,0,oracle_trr_all,proportion,14,14,0,1.0,-0.07142857142857142,-0.21428571428571427,0.0,-0.07142857142857142,-0.07142857142857142,task,5000,20260912,0.7857142857142857,11,14,0.7857142857142857,11,14,14,0,0.7142857142857143,10,14,0.7142857142857143,10,14,14,0
all,original,whitespace_union,1,accuracy,proportion,14,14,0,1.0,0.0625,-0.008928571428571428,0.15178571428571427,0.0625,0.0625,task,5000,20260912,0.75,84,112,0.75,84,112,14,0,0.8125,91,112,0.8125,91,112,14,0
all,original,whitespace_union,1,fsrr,proportion,3,3,0,1.0,-0.3333333333333333,-1.0,0.0,-0.3333333333333333,-0.3333333333333333,task,5000,20260912,0.3333333333333333,1,3,0.3333333333333333,1,3,3,0,0.0,0,3,0.0,0,3,3,0
all,original,whitespace_union,1,trr,proportion,3,3,0,1.0,-0.3333333333333333,-1.0,0.0,-0.3333333333333333,-0.3333333333333333,task,5000,20260912,0.3333333333333333,1,3,0.3333333333333333,1,3,3,0,0.0,0,3,0.0,0,3,3,0
all,original,whitespace_union,1,direct_sequence_correct,proportion,14,14,0,1.0,-0.07142857142857142,-0.21428571428571427,0.0,-0.07142857142857142,-0.07142857142857142,task,5000,20260912,0.6428571428571429,9,14,0.6428571428571429,9,14,14,0,0.5714285714285714,8,14,0.5714285714285714,8,14,14,0
all,original,whitespace_union,1,tce,task mean threshold distance,14,14,0,1.0,-0.35714285714285715,-1.1428571428571428,0.2857142857142857,-0.35714285714285715,-0.35714285714285715,task,5000,20260912,2.0714285714285716,29,14,2.0714285714285716,29,14,14,0,1.7142857142857142,24,14,1.7142857142857142,24,14,14,0
all,original,whitespace_union,1,oracle_min_errors,task mean verdict errors,14,14,0,1.0,0.07142857142857142,-0.14285714285714285,0.2857142857142857,0.07142857142857142,0.07142857142857142,task,5000,20260912,0.2857142857142857,4,14,0.2857142857142857,4,14,14,0,0.35714285714285715,5,14,0.35714285714285715,5,14,14,0
all,original,whitespace_union,1,oracle_fsrr_all,proportion,14,14,0,1.0,-0.07142857142857142,-0.21428571428571427,0.0,-0.07142857142857142,-0.07142857142857142,task,5000,20260912,0.8571428571428571,12,14,0.8571428571428571,12,14,14,0,0.7857142857142857,11,14,0.7857142857142857,11,14,14,0
all,original,whitespace_union,1,oracle_trr_all,proportion,14,14,0,1.0,-0.07142857142857142,-0.21428571428571427,0.0,-0.07142857142857142,-0.07142857142857142,task,5000,20260912,0.8571428571428571,12,14,0.8571428571428571,12,14,14,0,0.7857142857142857,11,14,0.7857142857142857,11,14,14,0
all,explicit,bare,0,accuracy,proportion,14,14,0,1.0,0.10317460317460317,-0.031746031746031744,0.2619047619047619,0.10317460317460317,0.10317460317460317,task,5000,20260912,0.7063492063492064,89,126,0.7063492063492064,89,126,14,0,0.8095238095238095,102,126,0.8095238095238095,102,126,14,0
all,explicit,bare,0,fsrr,proportion,7,7,0,1.0,-0.42857142857142855,-0.8571428571428571,-0.14285714285714285,-0.42857142857142855,-0.42857142857142855,task,5000,20260912,0.8571428571428571,6,7,0.8571428571428571,6,7,7,0,0.42857142857142855,3,7,0.42857142857142855,3,7,7,0
all,explicit,bare,0,trr,proportion,7,7,0,1.0,-0.5714285714285714,-0.8571428571428571,-0.14285714285714285,-0.5714285714285714,-0.5714285714285714,task,5000,20260912,1.0,7,7,1.0,7,7,7,0,0.42857142857142855,3,7,0.42857142857142855,3,7,7,0
all,explicit,bare,0,direct_sequence_correct,proportion,14,14,0,1.0,0.14285714285714285,0.0,0.35714285714285715,0.14285714285714285,0.14285714285714285,task,5000,20260912,0.42857142857142855,6,14,0.42857142857142855,6,14,14,0,0.5714285714285714,8,14,0.5714285714285714,8,14,14,0
all,explicit,bare,0,tce,task mean threshold distance,14,14,0,1.0,-0.8571428571428571,-2.142857142857143,0.07142857142857142,-0.8571428571428571,-0.8571428571428571,task,5000,20260912,2.642857142857143,37,14,2.642857142857143,37,14,14,0,1.7857142857142858,25,14,1.7857142857142858,25,14,14,0
all,explicit,bare,0,oracle_min_errors,task mean verdict errors,14,14,0,1.0,0.42857142857142855,0.07142857142857142,0.9285714285714286,0.42857142857142855,0.42857142857142855,task,5000,20260912,0.07142857142857142,1,14,0.07142857142857142,1,14,14,0,0.5,7,14,0.5,7,14,14,0
all,explicit,bare,0,oracle_fsrr_all,proportion,14,14,0,1.0,-0.21428571428571427,-0.42857142857142855,0.0,-0.21428571428571427,-0.21428571428571427,task,5000,20260912,0.9285714285714286,13,14,0.9285714285714286,13,14,14,0,0.7142857142857143,10,14,0.7142857142857143,10,14,14,0
all,explicit,bare,0,oracle_trr_all,proportion,14,14,0,1.0,-0.2857142857142857,-0.5714285714285714,-0.07142857142857142,-0.2857142857142857,-0.2857142857142857,task,5000,20260912,1.0,14,14,1.0,14,14,14,0,0.7142857142857143,10,14,0.7142857142857143,10,14,14,0
all,explicit,bare,1,accuracy,proportion,14,14,0,1.0,0.11607142857142858,-0.03571428571428571,0.29464285714285715,0.11607142857142858,0.11607142857142858,task,5000,20260912,0.6696428571428571,75,112,0.6696428571428571,75,112,14,0,0.7857142857142857,88,112,0.7857142857142857,88,112,14,0
all,explicit,bare,1,fsrr,proportion,3,3,0,1.0,-0.3333333333333333,-1.0,0.0,-0.3333333333333333,-0.3333333333333333,task,5000,20260912,0.6666666666666666,2,3,0.6666666666666666,2,3,3,0,0.3333333333333333,1,3,0.3333333333333333,1,3,3,0
all,explicit,bare,1,trr,proportion,3,3,0,1.0,-0.6666666666666666,-1.0,0.0,-0.6666666666666666,-0.6666666666666666,task,5000,20260912,1.0,3,3,1.0,3,3,3,0,0.3333333333333333,1,3,0.3333333333333333,1,3,3,0
all,explicit,bare,1,direct_sequence_correct,proportion,14,14,0,1.0,0.14285714285714285,0.0,0.35714285714285715,0.14285714285714285,0.14285714285714285,task,5000,20260912,0.42857142857142855,6,14,0.42857142857142855,6,14,14,0,0.5714285714285714,8,14,0.5714285714285714,8,14,14,0
all,explicit,bare,1,tce,task mean threshold distance,14,14,0,1.0,-0.8571428571428571,-2.142857142857143,0.07142857142857142,-0.8571428571428571,-0.8571428571428571,task,5000,20260912,2.642857142857143,37,14,2.642857142857143,37,14,14,0,1.7857142857142858,25,14,1.7857142857142858,25,14,14,0
all,explicit,bare,1,oracle_min_errors,task mean verdict errors,14,14,0,1.0,0.21428571428571427,0.0,0.5714285714285714,0.21428571428571427,0.21428571428571427,task,5000,20260912,0.07142857142857142,1,14,0.07142857142857142,1,14,14,0,0.2857142857142857,4,14,0.2857142857142857,4,14,14,0
all,explicit,bare,1,oracle_fsrr_all,proportion,14,14,0,1.0,-0.07142857142857142,-0.21428571428571427,0.0,-0.07142857142857142,-0.07142857142857142,task,5000,20260912,0.9285714285714286,13,14,0.9285714285714286,13,14,14,0,0.8571428571428571,12,14,0.8571428571428571,12,14,14,0
all,explicit,bare,1,oracle_trr_all,proportion,14,14,0,1.0,-0.14285714285714285,-0.35714285714285715,0.0,-0.14285714285714285,-0.14285714285714285,task,5000,20260912,1.0,14,14,1.0,14,14,14,0,0.8571428571428571,12,14,0.8571428571428571,12,14,14,0
all,explicit,whitespace_union,0,accuracy,proportion,14,14,0,1.0,0.10317460317460317,-0.031746031746031744,0.2619047619047619,0.10317460317460317,0.10317460317460317,task,5000,20260912,0.7063492063492064,89,126,0.7063492063492064,89,126,14,0,0.8095238095238095,102,126,0.8095238095238095,102,126,14,0
all,explicit,whitespace_union,0,fsrr,proportion,7,7,0,1.0,-0.42857142857142855,-0.8571428571428571,-0.14285714285714285,-0.42857142857142855,-0.42857142857142855,task,5000,20260912,0.8571428571428571,6,7,0.8571428571428571,6,7,7,0,0.42857142857142855,3,7,0.42857142857142855,3,7,7,0
all,explicit,whitespace_union,0,trr,proportion,7,7,0,1.0,-0.5714285714285714,-0.8571428571428571,-0.14285714285714285,-0.5714285714285714,-0.5714285714285714,task,5000,20260912,1.0,7,7,1.0,7,7,7,0,0.42857142857142855,3,7,0.42857142857142855,3,7,7,0
all,explicit,whitespace_union,0,direct_sequence_correct,proportion,14,14,0,1.0,0.14285714285714285,0.0,0.35714285714285715,0.14285714285714285,0.14285714285714285,task,5000,20260912,0.42857142857142855,6,14,0.42857142857142855,6,14,14,0,0.5714285714285714,8,14,0.5714285714285714,8,14,14,0
all,explicit,whitespace_union,0,tce,task mean threshold distance,14,14,0,1.0,-0.8571428571428571,-2.142857142857143,0.07142857142857142,-0.8571428571428571,-0.8571428571428571,task,5000,20260912,2.642857142857143,37,14,2.642857142857143,37,14,14,0,1.7857142857142858,25,14,1.7857142857142858,25,14,14,0
all,explicit,whitespace_union,0,oracle_min_errors,task mean verdict errors,14,14,0,1.0,0.42857142857142855,0.07142857142857142,0.9285714285714286,0.42857142857142855,0.42857142857142855,task,5000,20260912,0.07142857142857142,1,14,0.07142857142857142,1,14,14,0,0.5,7,14,0.5,7,14,14,0
all,explicit,whitespace_union,0,oracle_fsrr_all,proportion,14,14,0,1.0,-0.21428571428571427,-0.42857142857142855,0.0,-0.21428571428571427,-0.21428571428571427,task,5000,20260912,0.9285714285714286,13,14,0.9285714285714286,13,14,14,0,0.7142857142857143,10,14,0.7142857142857143,10,14,14,0
all,explicit,whitespace_union,0,oracle_trr_all,proportion,14,14,0,1.0,-0.2857142857142857,-0.5714285714285714,-0.07142857142857142,-0.2857142857142857,-0.2857142857142857,task,5000,20260912,1.0,14,14,1.0,14,14,14,0,0.7142857142857143,10,14,0.7142857142857143,10,14,14,0
all,explicit,whitespace_union,1,accuracy,proportion,14,14,0,1.0,0.11607142857142858,-0.03571428571428571,0.29464285714285715,0.11607142857142858,0.11607142857142858,task,5000,20260912,0.6696428571428571,75,112,0.6696428571428571,75,112,14,0,0.7857142857142857,88,112,0.7857142857142857,88,112,14,0
all,explicit,whitespace_union,1,fsrr,proportion,3,3,0,1.0,-0.3333333333333333,-1.0,0.0,-0.3333333333333333,-0.3333333333333333,task,5000,20260912,0.6666666666666666,2,3,0.6666666666666666,2,3,3,0,0.3333333333333333,1,3,0.3333333333333333,1,3,3,0
all,explicit,whitespace_union,1,trr,proportion,3,3,0,1.0,-0.6666666666666666,-1.0,0.0,-0.6666666666666666,-0.6666666666666666,task,5000,20260912,1.0,3,3,1.0,3,3,3,0,0.3333333333333333,1,3,0.3333333333333333,1,3,3,0
all,explicit,whitespace_union,1,direct_sequence_correct,proportion,14,14,0,1.0,0.14285714285714285,0.0,0.35714285714285715,0.14285714285714285,0.14285714285714285,task,5000,20260912,0.42857142857142855,6,14,0.42857142857142855,6,14,14,0,0.5714285714285714,8,14,0.5714285714285714,8,14,14,0
all,explicit,whitespace_union,1,tce,task mean threshold distance,14,14,0,1.0,-0.8571428571428571,-2.142857142857143,0.07142857142857142,-0.8571428571428571,-0.8571428571428571,task,5000,20260912,2.642857142857143,37,14,2.642857142857143,37,14,14,0,1.7857142857142858,25,14,1.7857142857142858,25,14,14,0
all,explicit,whitespace_union,1,oracle_min_errors,task mean verdict errors,14,14,0,1.0,0.21428571428571427,0.0,0.5714285714285714,0.21428571428571427,0.21428571428571427,task,5000,20260912,0.07142857142857142,1,14,0.07142857142857142,1,14,14,0,0.2857142857142857,4,14,0.2857142857142857,4,14,14,0
all,explicit,whitespace_union,1,oracle_fsrr_all,proportion,14,14,0,1.0,-0.07142857142857142,-0.21428571428571427,0.0,-0.07142857142857142,-0.07142857142857142,task,5000,20260912,0.9285714285714286,13,14,0.9285714285714286,13,14,14,0,0.8571428571428571,12,14,0.8571428571428571,12,14,14,0
all,explicit,whitespace_union,1,oracle_trr_all,proportion,14,14,0,1.0,-0.14285714285714285,-0.35714285714285715,0.0,-0.14285714285714285,-0.14285714285714285,task,5000,20260912,1.0,14,14,1.0,14,14,14,0,0.8571428571428571,12,14,0.8571428571428571,12,14,14,0
z0,original,bare,0,accuracy,proportion,4,4,0,1.0,0.027777777777777776,0.0,0.08333333333333333,0.027777777777777776,0.027777777777777776,task,5000,20260912,0.6944444444444444,25,36,0.6944444444444444,25,36,4,0,0.7222222222222222,26,36,0.7222222222222222,26,36,4,0
z0,original,bare,0,fsrr,proportion,4,4,0,1.0,0.0,0.0,0.0,0.0,0.0,task,5000,20260912,0.75,3,4,0.75,3,4,4,0,0.75,3,4,0.75,3,4,4,0
z0,original,bare,0,trr,proportion,4,4,0,1.0,0.0,0.0,0.0,0.0,0.0,task,5000,20260912,0.75,3,4,0.75,3,4,4,0,0.75,3,4,0.75,3,4,4,0
z0,original,bare,0,direct_sequence_correct,proportion,4,4,0,1.0,0.25,0.0,0.75,0.25,0.25,task,5000,20260912,0.0,0,4,0.0,0,4,4,0,0.25,1,4,0.25,1,4,4,0
z0,original,bare,0,tce,task mean threshold distance,4,4,0,1.0,-0.25,-0.75,0.0,-0.25,-0.25,task,5000,20260912,2.75,11,4,2.75,11,4,4,0,2.5,10,4,2.5,10,4,4,0
z0,original,bare,0,oracle_min_errors,task mean verdict errors,4,4,0,1.0,0.0,0.0,0.0,0.0,0.0,task,5000,20260912,0.25,1,4,0.25,1,4,4,0,0.25,1,4,0.25,1,4,4,0
z0,original,bare,0,oracle_fsrr_all,proportion,4,4,0,1.0,0.0,0.0,0.0,0.0,0.0,task,5000,20260912,0.75,3,4,0.75,3,4,4,0,0.75,3,4,0.75,3,4,4,0
z0,original,bare,0,oracle_trr_all,proportion,4,4,0,1.0,0.0,0.0,0.0,0.0,0.0,task,5000,20260912,0.75,3,4,0.75,3,4,4,0,0.75,3,4,0.75,3,4,4,0
z0,original,bare,1,accuracy,proportion,4,4,0,1.0,0.0,0.0,0.0,0.0,0.0,task,5000,20260912,0.75,24,32,0.75,24,32,4,0,0.75,24,32,0.75,24,32,4,0
z0,original,bare,1,fsrr,proportion,0,0,0,,,,,,,task,0,20260912,,0,0,,0,0,0,0,,0,0,,0,0,0,0
z0,original,bare,1,trr,proportion,0,0,0,,,,,,,task,0,20260912,,0,0,,0,0,0,0,,0,0,,0,0,0,0
z0,original,bare,1,direct_sequence_correct,proportion,4,4,0,1.0,0.0,0.0,0.0,0.0,0.0,task,5000,20260912,0.75,3,4,0.75,3,4,4,0,0.75,3,4,0.75,3,4,4,0
z0,original,bare,1,tce,task mean threshold distance,4,4,0,1.0,0.0,0.0,0.0,0.0,0.0,task,5000,20260912,2.0,8,4,2.0,8,4,4,0,2.0,8,4,2.0,8,4,4,0
z0,original,bare,1,oracle_min_errors,task mean verdict errors,4,4,0,1.0,0.0,0.0,0.0,0.0,0.0,task,5000,20260912,0.0,0,4,0.0,0,4,4,0,0.0,0,4,0.0,0,4,4,0
z0,original,bare,1,oracle_fsrr_all,proportion,4,4,0,1.0,0.0,0.0,0.0,0.0,0.0,task,5000,20260912,1.0,4,4,1.0,4,4,4,0,1.0,4,4,1.0,4,4,4,0
z0,original,bare,1,oracle_trr_all,proportion,4,4,0,1.0,0.0,0.0,0.0,0.0,0.0,task,5000,20260912,1.0,4,4,1.0,4,4,4,0,1.0,4,4,1.0,4,4,4,0
z0,original,whitespace_union,0,accuracy,proportion,4,4,0,1.0,0.027777777777777776,0.0,0.08333333333333333,0.027777777777777776,0.027777777777777776,task,5000,20260912,0.6944444444444444,25,36,0.6944444444444444,25,36,4,0,0.7222222222222222,26,36,0.7222222222222222,26,36,4,0
z0,original,whitespace_union,0,fsrr,proportion,4,4,0,1.0,0.0,0.0,0.0,0.0,0.0,task,5000,20260912,0.75,3,4,0.75,3,4,4,0,0.75,3,4,0.75,3,4,4,0
z0,original,whitespace_union,0,trr,proportion,4,4,0,1.0,0.0,0.0,0.0,0.0,0.0,task,5000,20260912,0.75,3,4,0.75,3,4,4,0,0.75,3,4,0.75,3,4,4,0
z0,original,whitespace_union,0,direct_sequence_correct,proportion,4,4,0,1.0,0.25,0.0,0.75,0.25,0.25,task,5000,20260912,0.0,0,4,0.0,0,4,4,0,0.25,1,4,0.25,1,4,4,0
z0,original,whitespace_union,0,tce,task mean threshold distance,4,4,0,1.0,-0.25,-0.75,0.0,-0.25,-0.25,task,5000,20260912,2.75,11,4,2.75,11,4,4,0,2.5,10,4,2.5,10,4,4,0
z0,original,whitespace_union,0,oracle_min_errors,task mean verdict errors,4,4,0,1.0,0.0,0.0,0.0,0.0,0.0,task,5000,20260912,0.25,1,4,0.25,1,4,4,0,0.25,1,4,0.25,1,4,4,0
z0,original,whitespace_union,0,oracle_fsrr_all,proportion,4,4,0,1.0,0.0,0.0,0.0,0.0,0.0,task,5000,20260912,0.75,3,4,0.75,3,4,4,0,0.75,3,4,0.75,3,4,4,0
z0,original,whitespace_union,0,oracle_trr_all,proportion,4,4,0,1.0,0.0,0.0,0.0,0.0,0.0,task,5000,20260912,0.75,3,4,0.75,3,4,4,0,0.75,3,4,0.75,3,4,4,0
z0,original,whitespace_union,1,accuracy,proportion,4,4,0,1.0,0.0,0.0,0.0,0.0,0.0,task,5000,20260912,0.75,24,32,0.75,24,32,4,0,0.75,24,32,0.75,24,32,4,0
z0,original,whitespace_union,1,fsrr,proportion,0,0,0,,,,,,,task,0,20260912,,0,0,,0,0,0,0,,0,0,,0,0,0,0
z0,original,whitespace_union,1,trr,proportion,0,0,0,,,,,,,task,0,20260912,,0,0,,0,0,0,0,,0,0,,0,0,0,0
z0,original,whitespace_union,1,direct_sequence_correct,proportion,4,4,0,1.0,0.0,0.0,0.0,0.0,0.0,task,5000,20260912,0.75,3,4,0.75,3,4,4,0,0.75,3,4,0.75,3,4,4,0
z0,original,whitespace_union,1,tce,task mean threshold distance,4,4,0,1.0,0.0,0.0,0.0,0.0,0.0,task,5000,20260912,2.0,8,4,2.0,8,4,4,0,2.0,8,4,2.0,8,4,4,0
z0,original,whitespace_union,1,oracle_min_errors,task mean verdict errors,4,4,0,1.0,0.0,0.0,0.0,0.0,0.0,task,5000,20260912,0.0,0,4,0.0,0,4,4,0,0.0,0,4,0.0,0,4,4,0
z0,original,whitespace_union,1,oracle_fsrr_all,proportion,4,4,0,1.0,0.0,0.0,0.0,0.0,0.0,task,5000,20260912,1.0,4,4,1.0,4,4,4,0,1.0,4,4,1.0,4,4,4,0
z0,original,whitespace_union,1,oracle_trr_all,proportion,4,4,0,1.0,0.0,0.0,0.0,0.0,0.0,task,5000,20260912,1.0,4,4,1.0,4,4,4,0,1.0,4,4,1.0,4,4,4,0
z0,explicit,bare,0,accuracy,proportion,4,4,0,1.0,-0.027777777777777776,-0.08333333333333333,0.0,-0.027777777777777776,-0.027777777777777776,task,5000,20260912,0.8055555555555556,29,36,0.8055555555555556,29,36,4,0,0.7777777777777778,28,36,0.7777777777777778,28,36,4,0
z0,explicit,bare,0,fsrr,proportion,4,4,0,1.0,-0.25,-0.75,0.0,-0.25,-0.25,task,5000,20260912,1.0,4,4,1.0,4,4,4,0,0.75,3,4,0.75,3,4,4,0
z0,explicit,bare,0,trr,proportion,4,4,0,1.0,-0.25,-0.75,0.0,-0.25,-0.25,task,5000,20260912,1.0,4,4,1.0,4,4,4,0,0.75,3,4,0.75,3,4,4,0
z0,explicit,bare,0,direct_sequence_correct,proportion,4,4,0,1.0,0.0,0.0,0.0,0.0,0.0,task,5000,20260912,0.75,3,4,0.75,3,4,4,0,0.75,3,4,0.75,3,4,4,0
z0,explicit,bare,0,tce,task mean threshold distance,4,4,0,1.0,0.25,0.0,0.75,0.25,0.25,task,5000,20260912,1.75,7,4,1.75,7,4,4,0,2.0,8,4,2.0,8,4,4,0
z0,explicit,bare,0,oracle_min_errors,task mean verdict errors,4,4,0,1.0,0.25,0.0,0.75,0.25,0.25,task,5000,20260912,0.0,0,4,0.0,0,4,4,0,0.25,1,4,0.25,1,4,4,0
z0,explicit,bare,0,oracle_fsrr_all,proportion,4,4,0,1.0,-0.25,-0.75,0.0,-0.25,-0.25,task,5000,20260912,1.0,4,4,1.0,4,4,4,0,0.75,3,4,0.75,3,4,4,0
z0,explicit,bare,0,oracle_trr_all,proportion,4,4,0,1.0,-0.25,-0.75,0.0,-0.25,-0.25,task,5000,20260912,1.0,4,4,1.0,4,4,4,0,0.75,3,4,0.75,3,4,4,0
z0,explicit,bare,1,accuracy,proportion,4,4,0,1.0,-0.03125,-0.09375,0.0,-0.03125,-0.03125,task,5000,20260912,0.78125,25,32,0.78125,25,32,4,0,0.75,24,32,0.75,24,32,4,0
z0,explicit,bare,1,fsrr,proportion,0,0,0,,,,,,,task,0,20260912,,0,0,,0,0,0,0,,0,0,,0,0,0,0
z0,explicit,bare,1,trr,proportion,0,0,0,,,,,,,task,0,20260912,,0,0,,0,0,0,0,,0,0,,0,0,0,0
z0,explicit,bare,1,direct_sequence_correct,proportion,4,4,0,1.0,0.0,0.0,0.0,0.0,0.0,task,5000,20260912,0.75,3,4,0.75,3,4,4,0,0.75,3,4,0.75,3,4,4,0
z0,explicit,bare,1,tce,task mean threshold distance,4,4,0,1.0,0.25,0.0,0.75,0.25,0.25,task,5000,20260912,1.75,7,4,1.75,7,4,4,0,2.0,8,4,2.0,8,4,4,0
z0,explicit,bare,1,oracle_min_errors,task mean verdict errors,4,4,0,1.0,0.0,0.0,0.0,0.0,0.0,task,5000,20260912,0.0,0,4,0.0,0,4,4,0,0.0,0,4,0.0,0,4,4,0
z0,explicit,bare,1,oracle_fsrr_all,proportion,4,4,0,1.0,0.0,0.0,0.0,0.0,0.0,task,5000,20260912,1.0,4,4,1.0,4,4,4,0,1.0,4,4,1.0,4,4,4,0
z0,explicit,bare,1,oracle_trr_all,proportion,4,4,0,1.0,0.0,0.0,0.0,0.0,0.0,task,5000,20260912,1.0,4,4,1.0,4,4,4,0,1.0,4,4,1.0,4,4,4,0
z0,explicit,whitespace_union,0,accuracy,proportion,4,4,0,1.0,-0.027777777777777776,-0.08333333333333333,0.0,-0.027777777777777776,-0.027777777777777776,task,5000,20260912,0.8055555555555556,29,36,0.8055555555555556,29,36,4,0,0.7777777777777778,28,36,0.7777777777777778,28,36,4,0
z0,explicit,whitespace_union,0,fsrr,proportion,4,4,0,1.0,-0.25,-0.75,0.0,-0.25,-0.25,task,5000,20260912,1.0,4,4,1.0,4,4,4,0,0.75,3,4,0.75,3,4,4,0
z0,explicit,whitespace_union,0,trr,proportion,4,4,0,1.0,-0.25,-0.75,0.0,-0.25,-0.25,task,5000,20260912,1.0,4,4,1.0,4,4,4,0,0.75,3,4,0.75,3,4,4,0
z0,explicit,whitespace_union,0,direct_sequence_correct,proportion,4,4,0,1.0,0.0,0.0,0.0,0.0,0.0,task,5000,20260912,0.75,3,4,0.75,3,4,4,0,0.75,3,4,0.75,3,4,4,0
z0,explicit,whitespace_union,0,tce,task mean threshold distance,4,4,0,1.0,0.25,0.0,0.75,0.25,0.25,task,5000,20260912,1.75,7,4,1.75,7,4,4,0,2.0,8,4,2.0,8,4,4,0
z0,explicit,whitespace_union,0,oracle_min_errors,task mean verdict errors,4,4,0,1.0,0.25,0.0,0.75,0.25,0.25,task,5000,20260912,0.0,0,4,0.0,0,4,4,0,0.25,1,4,0.25,1,4,4,0
z0,explicit,whitespace_union,0,oracle_fsrr_all,proportion,4,4,0,1.0,-0.25,-0.75,0.0,-0.25,-0.25,task,5000,20260912,1.0,4,4,1.0,4,4,4,0,0.75,3,4,0.75,3,4,4,0
z0,explicit,whitespace_union,0,oracle_trr_all,proportion,4,4,0,1.0,-0.25,-0.75,0.0,-0.25,-0.25,task,5000,20260912,1.0,4,4,1.0,4,4,4,0,0.75,3,4,0.75,3,4,4,0
z0,explicit,whitespace_union,1,accuracy,proportion,4,4,0,1.0,-0.03125,-0.09375,0.0,-0.03125,-0.03125,task,5000,20260912,0.78125,25,32,0.78125,25,32,4,0,0.75,24,32,0.75,24,32,4,0
z0,explicit,whitespace_union,1,fsrr,proportion,0,0,0,,,,,,,task,0,20260912,,0,0,,0,0,0,0,,0,0,,0,0,0,0
z0,explicit,whitespace_union,1,trr,proportion,0,0,0,,,,,,,task,0,20260912,,0,0,,0,0,0,0,,0,0,,0,0,0,0
z0,explicit,whitespace_union,1,direct_sequence_correct,proportion,4,4,0,1.0,0.0,0.0,0.0,0.0,0.0,task,5000,20260912,0.75,3,4,0.75,3,4,4,0,0.75,3,4,0.75,3,4,4,0
z0,explicit,whitespace_union,1,tce,task mean threshold distance,4,4,0,1.0,0.25,0.0,0.75,0.25,0.25,task,5000,20260912,1.75,7,4,1.75,7,4,4,0,2.0,8,4,2.0,8,4,4,0
z0,explicit,whitespace_union,1,oracle_min_errors,task mean verdict errors,4,4,0,1.0,0.0,0.0,0.0,0.0,0.0,task,5000,20260912,0.0,0,4,0.0,0,4,4,0,0.0,0,4,0.0,0,4,4,0
z0,explicit,whitespace_union,1,oracle_fsrr_all,proportion,4,4,0,1.0,0.0,0.0,0.0,0.0,0.0,task,5000,20260912,1.0,4,4,1.0,4,4,4,0,1.0,4,4,1.0,4,4,4,0
z0,explicit,whitespace_union,1,oracle_trr_all,proportion,4,4,0,1.0,0.0,0.0,0.0,0.0,0.0,task,5000,20260912,1.0,4,4,1.0,4,4,4,0,1.0,4,4,1.0,4,4,4,0
z8,original,bare,0,accuracy,proportion,7,7,0,1.0,0.0,-0.047619047619047616,0.047619047619047616,0.0,0.0,task,5000,20260912,0.9523809523809523,60,63,0.9523809523809523,60,63,7,0,0.9523809523809523,60,63,0.9523809523809523,60,63,7,0
z8,original,bare,0,fsrr,proportion,0,0,0,,,,,,,task,0,20260912,,0,0,,0,0,0,0,,0,0,,0,0,0,0
z8,original,bare,0,trr,proportion,0,0,0,,,,,,,task,0,20260912,,0,0,,0,0,0,0,,0,0,,0,0,0,0
z8,original,bare,0,direct_sequence_correct,proportion,7,7,0,1.0,-0.14285714285714285,-0.42857142857142855,0.0,-0.14285714285714285,-0.14285714285714285,task,5000,20260912,0.8571428571428571,6,7,0.8571428571428571,6,7,7,0,0.7142857142857143,5,7,0.7142857142857143,5,7,7,0
z8,original,bare,0,tce,task mean threshold distance,7,7,0,1.0,-0.14285714285714285,-1.2857142857142858,0.8571428571428571,-0.14285714285714285,-0.14285714285714285,task,5000,20260912,0.7142857142857143,5,7,0.7142857142857143,5,7,7,0,0.5714285714285714,4,7,0.5714285714285714,4,7,7,0
z8,original,bare,0,oracle_min_errors,task mean verdict errors,7,7,0,1.0,0.0,0.0,0.0,0.0,0.0,task,5000,20260912,0.0,0,7,0.0,0,7,7,0,0.0,0,7,0.0,0,7,7,0
z8,original,bare,0,oracle_fsrr_all,proportion,7,7,0,1.0,0.0,0.0,0.0,0.0,0.0,task,5000,20260912,1.0,7,7,1.0,7,7,7,0,1.0,7,7,1.0,7,7,7,0
z8,original,bare,0,oracle_trr_all,proportion,7,7,0,1.0,0.0,0.0,0.0,0.0,0.0,task,5000,20260912,1.0,7,7,1.0,7,7,7,0,1.0,7,7,1.0,7,7,7,0
z8,original,bare,1,accuracy,proportion,7,7,0,1.0,0.0,-0.05357142857142857,0.05357142857142857,0.0,0.0,task,5000,20260912,0.9464285714285714,53,56,0.9464285714285714,53,56,7,0,0.9464285714285714,53,56,0.9464285714285714,53,56,7,0
z8,original,bare,1,fsrr,proportion,0,0,0,,,,,,,task,0,20260912,,0,0,,0,0,0,0,,0,0,,0,0,0,0
z8,original,bare,1,trr,proportion,0,0,0,,,,,,,task,0,20260912,,0,0,,0,0,0,0,,0,0,,0,0,0,0
z8,original,bare,1,direct_sequence_correct,proportion,7,7,0,1.0,-0.14285714285714285,-0.42857142857142855,0.0,-0.14285714285714285,-0.14285714285714285,task,5000,20260912,0.8571428571428571,6,7,0.8571428571428571,6,7,7,0,0.7142857142857143,5,7,0.7142857142857143,5,7,7,0
z8,original,bare,1,tce,task mean threshold distance,7,7,0,1.0,-0.14285714285714285,-1.2857142857142858,0.8571428571428571,-0.14285714285714285,-0.14285714285714285,task,5000,20260912,0.7142857142857143,5,7,0.7142857142857143,5,7,7,0,0.5714285714285714,4,7,0.5714285714285714,4,7,7,0
z8,original,bare,1,oracle_min_errors,task mean verdict errors,7,7,0,1.0,0.0,0.0,0.0,0.0,0.0,task,5000,20260912,0.0,0,7,0.0,0,7,7,0,0.0,0,7,0.0,0,7,7,0
z8,original,bare,1,oracle_fsrr_all,proportion,7,7,0,1.0,0.0,0.0,0.0,0.0,0.0,task,5000,20260912,1.0,7,7,1.0,7,7,7,0,1.0,7,7,1.0,7,7,7,0
z8,original,bare,1,oracle_trr_all,proportion,7,7,0,1.0,0.0,0.0,0.0,0.0,0.0,task,5000,20260912,1.0,7,7,1.0,7,7,7,0,1.0,7,7,1.0,7,7,7,0
z8,original,whitespace_union,0,accuracy,proportion,7,7,0,1.0,0.015873015873015872,-0.047619047619047616,0.09523809523809523,0.015873015873015872,0.015873015873015872,task,5000,20260912,0.9365079365079365,59,63,0.9365079365079365,59,63,7,0,0.9523809523809523,60,63,0.9523809523809523,60,63,7,0
z8,original,whitespace_union,0,fsrr,proportion,0,0,0,,,,,,,task,0,20260912,,0,0,,0,0,0,0,,0,0,,0,0,0,0
z8,original,whitespace_union,0,trr,proportion,0,0,0,,,,,,,task,0,20260912,,0,0,,0,0,0,0,,0,0,,0,0,0,0
z8,original,whitespace_union,0,direct_sequence_correct,proportion,7,7,0,1.0,-0.14285714285714285,-0.42857142857142855,0.0,-0.14285714285714285,-0.14285714285714285,task,5000,20260912,0.8571428571428571,6,7,0.8571428571428571,6,7,7,0,0.7142857142857143,5,7,0.7142857142857143,5,7,7,0
z8,original,whitespace_union,0,tce,task mean threshold distance,7,7,0,1.0,-0.14285714285714285,-1.2857142857142858,0.8571428571428571,-0.14285714285714285,-0.14285714285714285,task,5000,20260912,0.7142857142857143,5,7,0.7142857142857143,5,7,7,0,0.5714285714285714,4,7,0.5714285714285714,4,7,7,0
z8,original,whitespace_union,0,oracle_min_errors,task mean verdict errors,7,7,0,1.0,0.0,0.0,0.0,0.0,0.0,task,5000,20260912,0.0,0,7,0.0,0,7,7,0,0.0,0,7,0.0,0,7,7,0
z8,original,whitespace_union,0,oracle_fsrr_all,proportion,7,7,0,1.0,0.0,0.0,0.0,0.0,0.0,task,5000,20260912,1.0,7,7,1.0,7,7,7,0,1.0,7,7,1.0,7,7,7,0
z8,original,whitespace_union,0,oracle_trr_all,proportion,7,7,0,1.0,0.0,0.0,0.0,0.0,0.0,task,5000,20260912,1.0,7,7,1.0,7,7,7,0,1.0,7,7,1.0,7,7,7,0
z8,original,whitespace_union,1,accuracy,proportion,7,7,0,1.0,0.017857142857142856,-0.05357142857142857,0.10714285714285714,0.017857142857142856,0.017857142857142856,task,5000,20260912,0.9285714285714286,52,56,0.9285714285714286,52,56,7,0,0.9464285714285714,53,56,0.9464285714285714,53,56,7,0
z8,original,whitespace_union,1,fsrr,proportion,0,0,0,,,,,,,task,0,20260912,,0,0,,0,0,0,0,,0,0,,0,0,0,0
z8,original,whitespace_union,1,trr,proportion,0,0,0,,,,,,,task,0,20260912,,0,0,,0,0,0,0,,0,0,,0,0,0,0
z8,original,whitespace_union,1,direct_sequence_correct,proportion,7,7,0,1.0,-0.14285714285714285,-0.42857142857142855,0.0,-0.14285714285714285,-0.14285714285714285,task,5000,20260912,0.8571428571428571,6,7,0.8571428571428571,6,7,7,0,0.7142857142857143,5,7,0.7142857142857143,5,7,7,0
z8,original,whitespace_union,1,tce,task mean threshold distance,7,7,0,1.0,-0.14285714285714285,-1.2857142857142858,0.8571428571428571,-0.14285714285714285,-0.14285714285714285,task,5000,20260912,0.7142857142857143,5,7,0.7142857142857143,5,7,7,0,0.5714285714285714,4,7,0.5714285714285714,4,7,7,0
z8,original,whitespace_union,1,oracle_min_errors,task mean verdict errors,7,7,0,1.0,0.0,0.0,0.0,0.0,0.0,task,5000,20260912,0.0,0,7,0.0,0,7,7,0,0.0,0,7,0.0,0,7,7,0
z8,original,whitespace_union,1,oracle_fsrr_all,proportion,7,7,0,1.0,0.0,0.0,0.0,0.0,0.0,task,5000,20260912,1.0,7,7,1.0,7,7,7,0,1.0,7,7,1.0,7,7,7,0
z8,original,whitespace_union,1,oracle_trr_all,proportion,7,7,0,1.0,0.0,0.0,0.0,0.0,0.0,task,5000,20260912,1.0,7,7,1.0,7,7,7,0,1.0,7,7,1.0,7,7,7,0
z8,explicit,bare,0,accuracy,proportion,7,7,0,1.0,0.23809523809523808,0.047619047619047616,0.4603174603174603,0.23809523809523808,0.23809523809523808,task,5000,20260912,0.6984126984126984,44,63,0.6984126984126984,44,63,7,0,0.9365079365079365,59,63,0.9365079365079365,59,63,7,0
z8,explicit,bare,0,fsrr,proportion,0,0,0,,,,,,,task,0,20260912,,0,0,,0,0,0,0,,0,0,,0,0,0,0
z8,explicit,bare,0,trr,proportion,0,0,0,,,,,,,task,0,20260912,,0,0,,0,0,0,0,,0,0,,0,0,0,0
z8,explicit,bare,0,direct_sequence_correct,proportion,7,7,0,1.0,0.2857142857142857,0.0,0.5714285714285714,0.2857142857142857,0.2857142857142857,task,5000,20260912,0.42857142857142855,3,7,0.42857142857142855,3,7,7,0,0.7142857142857143,5,7,0.7142857142857143,5,7,7,0
z8,explicit,bare,0,tce,task mean threshold distance,7,7,0,1.0,-2.0,-4.0,-0.42857142857142855,-2.0,-2.0,task,5000,20260912,2.7142857142857144,19,7,2.7142857142857144,19,7,7,0,0.7142857142857143,5,7,0.7142857142857143,5,7,7,0
z8,explicit,bare,0,oracle_min_errors,task mean verdict errors,7,7,0,1.0,0.0,0.0,0.0,0.0,0.0,task,5000,20260912,0.0,0,7,0.0,0,7,7,0,0.0,0,7,0.0,0,7,7,0
z8,explicit,bare,0,oracle_fsrr_all,proportion,7,7,0,1.0,0.0,0.0,0.0,0.0,0.0,task,5000,20260912,1.0,7,7,1.0,7,7,7,0,1.0,7,7,1.0,7,7,7,0
z8,explicit,bare,0,oracle_trr_all,proportion,7,7,0,1.0,0.0,0.0,0.0,0.0,0.0,task,5000,20260912,1.0,7,7,1.0,7,7,7,0,1.0,7,7,1.0,7,7,7,0
z8,explicit,bare,1,accuracy,proportion,7,7,0,1.0,0.26785714285714285,0.05357142857142857,0.5178571428571429,0.26785714285714285,0.26785714285714285,task,5000,20260912,0.6607142857142857,37,56,0.6607142857142857,37,56,7,0,0.9285714285714286,52,56,0.9285714285714286,52,56,7,0
z8,explicit,bare,1,fsrr,proportion,0,0,0,,,,,,,task,0,20260912,,0,0,,0,0,0,0,,0,0,,0,0,0,0
z8,explicit,bare,1,trr,proportion,0,0,0,,,,,,,task,0,20260912,,0,0,,0,0,0,0,,0,0,,0,0,0,0
z8,explicit,bare,1,direct_sequence_correct,proportion,7,7,0,1.0,0.2857142857142857,0.0,0.5714285714285714,0.2857142857142857,0.2857142857142857,task,5000,20260912,0.42857142857142855,3,7,0.42857142857142855,3,7,7,0,0.7142857142857143,5,7,0.7142857142857143,5,7,7,0
z8,explicit,bare,1,tce,task mean threshold distance,7,7,0,1.0,-2.0,-4.0,-0.42857142857142855,-2.0,-2.0,task,5000,20260912,2.7142857142857144,19,7,2.7142857142857144,19,7,7,0,0.7142857142857143,5,7,0.7142857142857143,5,7,7,0
z8,explicit,bare,1,oracle_min_errors,task mean verdict errors,7,7,0,1.0,0.0,0.0,0.0,0.0,0.0,task,5000,20260912,0.0,0,7,0.0,0,7,7,0,0.0,0,7,0.0,0,7,7,0
z8,explicit,bare,1,oracle_fsrr_all,proportion,7,7,0,1.0,0.0,0.0,0.0,0.0,0.0,task,5000,20260912,1.0,7,7,1.0,7,7,7,0,1.0,7,7,1.0,7,7,7,0
z8,explicit,bare,1,oracle_trr_all,proportion,7,7,0,1.0,0.0,0.0,0.0,0.0,0.0,task,5000,20260912,1.0,7,7,1.0,7,7,7,0,1.0,7,7,1.0,7,7,7,0
z8,explicit,whitespace_union,0,accuracy,proportion,7,7,0,1.0,0.23809523809523808,0.047619047619047616,0.4603174603174603,0.23809523809523808,0.23809523809523808,task,5000,20260912,0.6984126984126984,44,63,0.6984126984126984,44,63,7,0,0.9365079365079365,59,63,0.9365079365079365,59,63,7,0
z8,explicit,whitespace_union,0,fsrr,proportion,0,0,0,,,,,,,task,0,20260912,,0,0,,0,0,0,0,,0,0,,0,0,0,0
z8,explicit,whitespace_union,0,trr,proportion,0,0,0,,,,,,,task,0,20260912,,0,0,,0,0,0,0,,0,0,,0,0,0,0
z8,explicit,whitespace_union,0,direct_sequence_correct,proportion,7,7,0,1.0,0.2857142857142857,0.0,0.5714285714285714,0.2857142857142857,0.2857142857142857,task,5000,20260912,0.42857142857142855,3,7,0.42857142857142855,3,7,7,0,0.7142857142857143,5,7,0.7142857142857143,5,7,7,0
z8,explicit,whitespace_union,0,tce,task mean threshold distance,7,7,0,1.0,-2.0,-4.0,-0.42857142857142855,-2.0,-2.0,task,5000,20260912,2.7142857142857144,19,7,2.7142857142857144,19,7,7,0,0.7142857142857143,5,7,0.7142857142857143,5,7,7,0
z8,explicit,whitespace_union,0,oracle_min_errors,task mean verdict errors,7,7,0,1.0,0.0,0.0,0.0,0.0,0.0,task,5000,20260912,0.0,0,7,0.0,0,7,7,0,0.0,0,7,0.0,0,7,7,0
z8,explicit,whitespace_union,0,oracle_fsrr_all,proportion,7,7,0,1.0,0.0,0.0,0.0,0.0,0.0,task,5000,20260912,1.0,7,7,1.0,7,7,7,0,1.0,7,7,1.0,7,7,7,0
z8,explicit,whitespace_union,0,oracle_trr_all,proportion,7,7,0,1.0,0.0,0.0,0.0,0.0,0.0,task,5000,20260912,1.0,7,7,1.0,7,7,7,0,1.0,7,7,1.0,7,7,7,0
z8,explicit,whitespace_union,1,accuracy,proportion,7,7,0,1.0,0.26785714285714285,0.05357142857142857,0.5178571428571429,0.26785714285714285,0.26785714285714285,task,5000,20260912,0.6607142857142857,37,56,0.6607142857142857,37,56,7,0,0.9285714285714286,52,56,0.9285714285714286,52,56,7,0
z8,explicit,whitespace_union,1,fsrr,proportion,0,0,0,,,,,,,task,0,20260912,,0,0,,0,0,0,0,,0,0,,0,0,0,0
z8,explicit,whitespace_union,1,trr,proportion,0,0,0,,,,,,,task,0,20260912,,0,0,,0,0,0,0,,0,0,,0,0,0,0
z8,explicit,whitespace_union,1,direct_sequence_correct,proportion,7,7,0,1.0,0.2857142857142857,0.0,0.5714285714285714,0.2857142857142857,0.2857142857142857,task,5000,20260912,0.42857142857142855,3,7,0.42857142857142855,3,7,7,0,0.7142857142857143,5,7,0.7142857142857143,5,7,7,0
z8,explicit,whitespace_union,1,tce,task mean threshold distance,7,7,0,1.0,-2.0,-4.0,-0.42857142857142855,-2.0,-2.0,task,5000,20260912,2.7142857142857144,19,7,2.7142857142857144,19,7,7,0,0.7142857142857143,5,7,0.7142857142857143,5,7,7,0
z8,explicit,whitespace_union,1,oracle_min_errors,task mean verdict errors,7,7,0,1.0,0.0,0.0,0.0,0.0,0.0,task,5000,20260912,0.0,0,7,0.0,0,7,7,0,0.0,0,7,0.0,0,7,7,0
z8,explicit,whitespace_union,1,oracle_fsrr_all,proportion,7,7,0,1.0,0.0,0.0,0.0,0.0,0.0,task,5000,20260912,1.0,7,7,1.0,7,7,7,0,1.0,7,7,1.0,7,7,7,0
z8,explicit,whitespace_union,1,oracle_trr_all,proportion,7,7,0,1.0,0.0,0.0,0.0,0.0,0.0,task,5000,20260912,1.0,7,7,1.0,7,7,7,0,1.0,7,7,1.0,7,7,7,0
